(-0.429805,0.486172) (0,0); (-0.511521,0.41397) (0,0); (-0.606972,0.318837) (0,0); (-0.671572,0.245211) (0,0)
(-0.702692,0.206928) (0,0); (-0.755069,0.135715) (0,0); (-0.811299,0.0481331) (0,0); (-0.845118,-0.0149069) (0,0)
(-0.859915,-0.0460503) (0,0); (-0.881487,-0.100803) (0,0); (-0.898322,-0.162009) (0,0); (-0.902556,-0.20108) (0,0)
(-0.90208,-0.218484) (0,0); (-0.895664,-0.24525) (0,0); (-0.878138,-0.267185) (0,0); (-0.857689,-0.274043) (0,0)
(-0.844828,-0.273991) (0,0); (-0.81646,-0.266987) (0,0); (-0.773271,-0.244614) (0,0); (-0.735433,-0.217324) (0,0)
(-0.714189,-0.19947) (0,0); (-0.671699,-0.15936) (0,0); (-0.613288,-0.0959613) (0,0); (-0.566239,-0.038889) (0,0)
(-0.54092,-0.00614134) (0,0); (-0.492416,0.0604354) (0,0); (-0.42902,0.154305) (0,0); (-0.380347,0.231622) (0,0)
(-0.354785,0.273839) (0,0); (-0.307261,0.355786) (0,0); (-0.247013,0.464801) (0,0); (-0.202184,0.549964) (0,0)
(-0.178665,0.595283) (0,0); (-0.136953,0.680177) (0,0); (-0.086672,0.787883) (0,0); (-0.0513095,0.868093) (0,0)
(-0.0336236,0.909174) (0,0); (-0.00264104,0.983884) (0,0); (0.0332836,1.07395) (0,0); (0.0573699,1.13731) (0,0)
(0.0689506,1.16843) (0,0); (0.0883377,1.22241) (0,0); (0.109097,1.28253) (0,0); (0.121531,1.3207) (0,0)
(0.126974,1.33797) (0,0); (0.134909,1.36476) (0,0); (0.141085,1.38846) (0,0); (0.142618,1.39799) (0,0)
(0.142396,1.40011) (0,0); (0.139934,1.39833) (0,0); (0.133097,1.38578) (0,0); (0.125079,1.36831) (0,0)
(0.119928,1.35665) (0,0); (0.10851,1.32985) (0,0); (0.0905516,1.28734) (0,0); (0.0744396,1.24897) (0,0)
(0.0651155,1.22713) (0,0); (0.0461434,1.18284) (0,0); (0.0188016,1.12129) (0,0); (-0.00413841,1.07121) (0,0)
(-0.016991,1.04427) (0,0); (-0.0423623,0.99246) (0,0); (-0.0776714,0.925242) (0,0); (-0.106425,0.874012) (0,0)
(-0.122281,0.847558) (0,0); (-0.153106,0.798792) (0,0); (-0.195168,0.73937) (0,0); (-0.22882,0.697048) (0,0)
(-0.247177,0.676236) (0,0); (-0.282507,0.639905) (0,0); (-0.329993,0.599609) (0,0); (-0.367455,0.57417) (0,0)
(-0.387686,0.562913) (0,0); (-0.42628,0.545806) (0,0); (-0.477374,0.532173) (0,0); (-0.517102,0.528382) (0,0)
(-0.538318,0.528819) (0,0); (-0.57839,0.534227) (0,0); (-0.630503,0.550075) (0,0); (-0.670316,0.56896) (0,0)
(-0.691283,0.581238) (0,0); (-0.730377,0.608677) (0,0); (-0.780055,0.65196) (0,0); (-0.817112,0.69087) (0,0)
(-0.836255,0.71323) (0,0); (-0.871296,0.758703) (0,0); (-0.914335,0.823029) (0,0); (-0.945268,0.876161) (0,0)
(-0.960751,0.905245) (0,0); (-0.988221,0.9619) (0,0); (-1.01989,1.03745) (0,0); (-1.04095,1.09661) (0,0)
(-1.05064,1.12787) (0,0); (-1.06672,1.18677) (0,0); (-1.08111,1.26125) (0,0); (-1.08709,1.31653) (0,0)
(-1.08688,1.34454) (0,0); (-1.08639,1.39648) (0,0); (-1.07984,1.46035) (0,0); (-1.0703,1.50633) (0,0)
(-1.06305,1.5291) (0,0); (-1.04602,1.56921) (0,0); (-1.01629,1.61432) (0,0); (-0.987747,1.64337) (0,0)
(-0.970456,1.65642) (0,0); (-0.934104,1.67676) (0,0); (-0.879212,1.69384) (0,0); (-0.831421,1.69967) (0,0)
(-0.804047,1.69993) (0,0); (-0.74894,1.69529) (0,0); (-0.670448,1.67853) (0,0); (-0.605234,1.65749) (0,0)
(-0.568956,1.64328) (0,0); (-0.497709,1.61102) (0,0); (-0.399785,1.558) (0,0); (-0.320926,1.50898) (0,0)
(-0.27795,1.47998) (0,0); (-0.195085,1.42001) (0,0); (-0.0843145,1.33156) (0,0); (0.00262087,1.25595) (0,0)
(0.0491648,1.21314) (0,0); (0.137443,1.1278) (0,0); (0.252443,1.00788) (0,0); (0.340447,0.909398) (0,0)
(0.386727,0.855012) (0,0); (0.47299,0.748908) (0,0); (0.582262,0.604375) (0,0); (0.663501,0.488925) (0,0)
(-1.21133,2.45454) (0,0); (-1.63758,2.25771) (0,0); (-2.17923,1.9886) (0,0); (-2.58326,1.77289) (0,0)
(-2.79292,1.65596) (0,0); (-3.17737,1.43138) (0,0); (-3.65585,1.13364) (0,0); (-4.00487,0.901805) (0,0)
(-4.18331,0.778461) (0,0); (-4.50511,0.545887) (0,0); (-4.89578,0.245701) (0,0); (-5.17284,0.0181207) (0,0)
(-5.31182,-0.100838) (0,0); (-5.55695,-0.321107) (0,0); (-5.84452,-0.597797) (0,0); (-6.0402,-0.801664) (0,0)
(-6.13557,-0.906184) (0,0); (-6.29779,-1.09572) (0,0); (-6.4772,-1.32627) (0,0); (-6.58999,-1.49014) (0,0)
(-6.64172,-1.57205) (0,0); (-6.72257,-1.71637) (0,0); (-6.79862,-1.8839) (0,0); (-6.83435,-1.99639) (0,0)
(-6.84626,-2.05028) (0,0); (-6.85422,-2.14029) (0,0); (-6.84045,-2.23544) (0,0); (-6.81138,-2.29127) (0,0)
(-6.79075,-2.3153) (0,0); (-6.74037,-2.34827) (0,0); (-6.65897,-2.3719) (0,0); (-6.58457,-2.37516) (0,0)
(-6.54377,-2.37517) (0,0); (-6.45352,-2.35889) (0,0); (-6.32021,-2.31965) (0,0); (-6.20612,-2.27577) (0,0)
(-6.14299,-2.24928) (0,0); (-6.01824,-2.19158) (0,0); (-5.84832,-2.10542) (0,0); (-5.7126,-2.03106) (0,0)
(-5.6395,-1.98959) (0,0); (-5.49973,-1.90716) (0,0); (-5.31593,-1.79485) (0,0); (-5.17396,-1.70511) (0,0)
(-5.09877,-1.65718) (0,0); (-4.95775,-1.56582) (0,0); (-4.77663,-1.44817) (0,0); (-4.64001,-1.3592) (0,0)
(-4.56865,-1.31334) (0,0); (-4.4368,-1.22912) (0,0); (-4.27098,-1.12666) (0,0); (-4.14863,-1.05382) (0,0)
(-4.08565,-1.01798) (0,0); (-3.9711,-0.955412) (0,0); (-3.83056,-0.885908) (0,0); (-3.72968,-0.841931) (0,0)
(-3.67881,-0.822435) (0,0); (-3.5883,-0.7927) (0,0); (-3.48155,-0.768937) (0,0); (-3.40842,-0.762247) (0,0)
(-3.37297,-0.763019) (0,0); (-3.3126,-0.772474) (0,0); (-3.24744,-0.800569) (0,0); (-3.20794,-0.834182) (0,0)
(-3.19098,-0.856198) (0,0); (-3.16647,-0.905513) (0,0); (-3.15014,-0.984019) (0,0); (-3.14963,-1.05505) (0,0)
(-3.15391,-1.09615) (0,0); (-3.17026,-1.18008) (0,0); (-3.2087,-1.29998) (0,0); (-3.25129,-1.39983) (0,0)
(-3.27876,-1.45491) (0,0); (-3.33925,-1.56281) (0,0); (-3.43563,-1.70841) (0,0); (-3.52289,-1.82371) (0,0)
(-3.57398,-1.88527) (0,0); (-3.67873,-2.00223) (0,0); (-3.83147,-2.15299) (0,0); (-3.96086,-2.26713) (0,0)
(-4.03362,-2.32615) (0,0); (-4.17801,-2.43483) (0,0); (-4.37879,-2.56782) (0,0); (-4.54217,-2.663) (0,0)
(-4.63156,-2.7101) (0,0); (-4.80489,-2.79286) (0,0); (-5.03711,-2.8857) (0,0); (-5.21976,-2.94524) (0,0)
(-5.3172,-2.97184) (0,0); (-5.50198,-3.01308) (0,0); (-5.74014,-3.04671) (0,0); (-5.92045,-3.05702) (0,0)
(-6.01368,-3.05607) (0,0); (-6.18562,-3.04395) (0,0); (-6.3952,-3.00281) (0,0); (-6.54452,-2.95186) (0,0)
(-6.61711,-2.91449) (0,0); (-6.74845,-2.83881) (0,0); (-6.89966,-2.7179) (0,0); (-7.00009,-2.60824) (0,0)
(-7.04578,-2.54319) (0,0); (-7.11907,-2.40942) (0,0); (-7.18321,-2.21328) (0,0); (-7.20825,-2.04638) (0,0)
(-7.21144,-1.95243) (0,0); (-7.19981,-1.76573) (0,0); (-7.14562,-1.50596) (0,0); (-7.07419,-1.29445) (0,0)
(-7.02467,-1.17867) (0,0); (-6.91087,-0.954213) (0,0); (-6.72002,-0.652765) (0,0); (-6.54126,-0.415129) (0,0)
(-6.43448,-0.287732) (0,0); (-6.21226,-0.0456335) (0,0); (-5.8813,0.270198) (0,0); (-5.5962,0.512234) (0,0)
(-5.43404,0.639582) (0,0); (-5.10939,0.877082) (0,0); (-4.651,1.17835) (0,0); (-4.273,1.40265) (0,0)
(-4.06386,1.5184) (0,0); (-3.65499,1.72984) (0,0); (-3.09722,1.98977) (0,0); (-2.65108,2.17677) (0,0)
(-2.40913,2.271) (0,0); (-1.94466,2.43861) (0,0); (-1.32789,2.63623) (0,0); (-0.846898,2.77153) (0,0)
(-1.75198,2.47854) (0,0); (-2.183,2.18829) (0,0); (-2.72356,1.79818) (0,0); (-3.12115,1.49043) (0,0)
(-3.32537,1.32553) (0,0); (-3.6958,1.01219) (0,0); (-4.14888,0.603979) (0,0); (-4.47298,0.291577) (0,0)
(-4.6364,0.127486) (0,0); (-4.92649,-0.178125) (0,0); (-5.26998,-0.564608) (0,0); (-5.50642,-0.851436) (0,0)
(-5.62254,-0.999017) (0,0); (-5.82209,-1.26789) (0,0); (-6.04654,-1.59669) (0,0); (-6.19107,-1.83185) (0,0)
(-6.25866,-1.94976) (0,0); (-6.36733,-2.1584) (0,0); (-6.47593,-2.40193) (0,0); (-6.53373,-2.5666) (0,0)
(-6.55644,-2.6458) (0,0); (-6.5828,-2.77895) (0,0); (-6.58965,-2.92101) (0,0); (-6.57378,-3.00563) (0,0)
(-6.55919,-3.0421) (0,0); (-6.51884,-3.09415) (0,0); (-6.44634,-3.13137) (0,0); (-6.37557,-3.13637) (0,0)
(-6.33415,-3.13161) (0,0); (-6.24754,-3.10686) (0,0); (-6.12422,-3.05017) (0,0); (-6.0218,-2.98802) (0,0)
(-5.96675,-2.95221) (0,0); (-5.85549,-2.86664) (0,0); (-5.7029,-2.73473) (0,0); (-5.58026,-2.6181) (0,0)
(-5.51455,-2.55286) (0,0); (-5.38898,-2.42194) (0,0); (-5.22555,-2.24149) (0,0); (-5.10058,-2.09579) (0,0)
(-5.03517,-2.0172) (0,0); (-4.91364,-1.86627) (0,0); (-4.76056,-1.6685) (0,0); (-4.64744,-1.51626) (0,0)
(-4.58931,-1.43642) (0,0); (-4.48368,-1.28756) (0,0); (-4.3544,-1.10032) (0,0); (-4.26185,-0.962166) (0,0)
(-4.2152,-0.891701) (0,0); (-4.13237,-0.764225) (0,0); (-4.03435,-0.611117) (0,0); (-3.96693,-0.503897) (0,0)
(-3.93387,-0.451227) (0,0); (-3.8771,-0.360006) (0,0); (-3.8136,-0.258266) (0,0); (-3.77304,-0.19353) (0,0)
(-3.75432,-0.16416) (0,0); (-3.72461,-0.118354) (0,0); (-3.69644,-0.077512) (0,0); (-3.68299,-0.0607109) (0,0)
(-3.67868,-0.0568802) (0,0); (-3.67599,-0.0594374) (0,0); (-3.68298,-0.080952) (0,0); (-3.69639,-0.111374) (0,0)
(-3.70637,-0.132094) (0,0); (-3.73044,-0.179965) (0,0); (-3.77224,-0.257738) (0,0); (-3.81226,-0.329085) (0,0)
(-3.83638,-0.370497) (0,0); (-3.88694,-0.455418) (0,0); (-3.9631,-0.57699) (0,0); (-4.02929,-0.678423) (0,0)
(-4.06724,-0.734393) (0,0); (-4.14361,-0.844079) (0,0); (-4.25281,-0.992286) (0,0); (-4.34383,-1.10979) (0,0)
(-4.3947,-1.17265) (0,0); (-4.4949,-1.29223) (0,0); (-4.6337,-1.44715) (0,0); (-4.74626,-1.56505) (0,0)
(-4.80798,-1.62643) (0,0); (-4.92761,-1.74003) (0,0); (-5.08895,-1.88107) (0,0); (-5.21664,-1.98367) (0,0)
(-5.28538,-2.03535) (0,0); (-5.41652,-2.1277) (0,0); (-5.58842,-2.23566) (0,0); (-5.72081,-2.30878) (0,0)
(-5.79049,-2.3435) (0,0); (-5.92086,-2.40145) (0,0); (-6.08539,-2.46032) (0,0); (-6.20724,-2.4926) (0,0)
(-6.26906,-2.50441) (0,0); (-6.38142,-2.51808) (0,0); (-6.51299,-2.51464) (0,0); (-6.60232,-2.4957) (0,0)
(-6.64243,-2.47669) (0,0); (-6.71593,-2.4362) (0,0); (-6.79573,-2.36314) (0,0); (-6.84455,-2.29163) (0,0)
(-6.86402,-2.24737) (0,0); (-6.89049,-2.15359) (0,0); (-6.89951,-2.01076) (0,0); (-6.88686,-1.8856) (0,0)
(-6.87197,-1.81393) (0,0); (-6.82983,-1.66941) (0,0); (-6.74362,-1.46414) (0,0); (-6.6536,-1.29401) (0,0)
(-6.59648,-1.19976) (0,0); (-6.47262,-1.01515) (0,0); (-6.27706,-0.763139) (0,0); (-6.10116,-0.561457) (0,0)
(-5.99815,-0.45217) (0,0); (-5.78729,-0.242423) (0,0); (-5.47889,0.0355861) (0,0); (-5.21702,0.251999) (0,0)
(-5.06903,0.367162) (0,0); (-4.7747,0.584317) (0,0); (-4.36165,0.864721) (0,0); (-4.02281,1.07739) (0,0)
(-3.8356,1.18861) (0,0); (-3.47043,1.39463) (0,0); (-2.97252,1.65359) (0,0); (-2.57446,1.84454) (0,0)
(-2.35828,1.94249) (0,0); (-1.94312,2.12022) (0,0); (-1.39017,2.33661) (0,0); (-0.957703,2.49059) (0,0)
(-1.8062,2.31216) (0,0); (-2.20733,2.01187) (0,0); (-2.70581,1.61076) (0,0); (-3.0688,1.29618) (0,0)
(-3.25384,1.12849) (0,0); (-3.58684,0.811253) (0,0); (-3.98836,0.401241) (0,0); (-4.27086,0.0899752) (0,0)
(-4.41132,-0.0725124) (0,0); (-4.65696,-0.373325) (0,0); (-4.93921,-0.749892) (0,0); (-5.12621,-1.02632) (0,0)
(-5.21486,-1.16736) (0,0); (-5.36106,-1.42208) (0,0); (-5.51106,-1.72884) (0,0); (-5.59482,-1.94434) (0,0)
(-5.62829,-2.05083) (0,0); (-5.67013,-2.23624) (0,0); (-5.68423,-2.44602) (0,0); (-5.664,-2.58218) (0,0)
(-5.6426,-2.64526) (0,0); (-5.58202,-2.74642) (0,0); (-5.46518,-2.84329) (0,0); (-5.34666,-2.89063) (0,0)
(-5.27402,-2.90625) (0,0); (-5.11904,-2.91742) (0,0); (-4.88377,-2.89757) (0,0); (-4.67811,-2.85596) (0,0)
(-4.56051,-2.82508) (0,0); (-4.32417,-2.74984) (0,0); (-3.98815,-2.62167) (0,0); (-3.70941,-2.50043) (0,0)
(-3.55309,-2.42918) (0,0); (-3.25015,-2.27815) (0,0); (-2.83634,-2.05476) (0,0); (-2.50494,-1.86335) (0,0)
(-2.32446,-1.756) (0,0); (-1.97744,-1.54258) (0,0); (-1.51414,-1.24712) (0,0); (-1.15096,-1.00764) (0,0)
(-0.956338,-0.877165) (0,0); (-0.587258,-0.625139) (0,0); (-0.104822,-0.28885) (0,0); (0.265622,-0.0253806) (0,0)
(0.461451,0.115239) (0,0); (0.827801,0.381357) (0,0); (1.29693,0.726323) (0,0); (1.64971,0.989002) (0,0)
(1.83353,1.1266) (0,0); (2.1724,1.3821) (0,0); (2.59635,1.70386) (0,0); (2.90734,1.94159) (0,0)
(3.0665,2.0635) (0,0); (3.35444,2.2849) (0,0); (3.70349,2.55378) (0,0); (3.95062,2.74455) (0,0)
(4.07368,2.83943) (0,0); (4.28975,3.006) (0,0); (4.53797,3.19651) (0,0); (4.70241,3.32199) (0,0)
(4.77981,3.38057) (0,0); (4.90685,3.47585) (0,0); (5.03374,3.56862) (0,0); (5.1012,3.61556) (0,0)
(5.12594,3.63147) (0,0); (5.15182,3.64462) (0,0); (5.14388,3.62812) (0,0); (5.10582,3.58967) (0,0)
(5.07402,3.56003) (0,0); (4.99279,3.48708) (0,0); (4.84495,3.35907) (0,0); (4.69954,3.23581) (0,0)
(4.61105,3.1618) (0,0); (4.42381,3.0065) (0,0); (4.14046,2.77511) (0,0); (3.89336,2.57569) (0,0)
(3.75201,2.46279) (0,0); (3.46749,2.2371) (0,0); (3.06309,1.92104) (0,0); (2.72769,1.66225) (0,0)
(2.54142,1.5202) (0,0); (2.17611,1.244) (0,0); (1.67505,0.87203) (0,0); (1.27229,0.578044) (0,0)
(1.05302,0.420392) (0,0); (0.630689,0.120426) (0,0); (0.066587,-0.270433) (0,0); (-0.375793,-0.569614) (0,0)
(-0.612691,-0.726468) (0,0); (-1.06192,-1.01848) (0,0); (-1.64777,-1.38566) (0,0); (-2.0966,-1.6565) (0,0)
(-2.33311,-1.79447) (0,0); (-2.77434,-2.04436) (0,0); (-3.33572,-2.34247) (0,0); (-3.75504,-2.54955) (0,0)
(-3.97258,-2.64885) (0,0); (-4.36963,-2.82181) (0,0); (-4.85979,-3.01107) (0,0); (-5.2141,-3.12823) (0,0)
(-5.39306,-3.17889) (0,0); (-5.71254,-3.25358) (0,0); (-6.08905,-3.30641) (0,0); (-6.34673,-3.31271) (0,0)
(-6.47099,-3.30317) (0,0); (-6.68163,-3.26154) (0,0); (-6.9056,-3.15995) (0,0); (-7.03827,-3.04585) (0,0)
(-7.09362,-2.97248) (0,0); (-7.17003,-2.81061) (0,0); (-7.21174,-2.55526) (0,0); (-7.19926,-2.3257) (0,0)
(-7.17611,-2.19274) (0,0); (-7.1022,-1.92163) (0,0); (-6.94508,-1.53271) (0,0); (-6.77814,-1.20766) (0,0)
(-6.67286,-1.02728) (0,0); (-6.44423,-0.672687) (0,0); (-6.08765,-0.189056) (0,0); (-5.76967,0.197707) (0,0)
(-5.58556,0.406317) (0,0); (-5.21109,0.805853) (0,0); (-4.67204,1.33009) (0,0); (-4.2202,1.73416) (0,0)
(-3.96787,1.94665) (0,0); (-3.47026,2.34375) (0,0); (-2.7836,2.845) (0,0); (-2.22863,3.21625) (0,0)
(0.352957,-3.71897) (0,0); (0.989269,-3.66155) (0,0); (1.793,-3.54039) (0,0); (2.38873,-3.41207) (0,0)
(2.69341,-3.33316) (0,0); (3.24642,-3.16308) (0,0); (3.91323,-2.90715) (0,0); (4.38237,-2.68493) (0,0)
(4.61331,-2.56002) (0,0); (5.01463,-2.3106) (0,0); (5.46365,-1.96648) (0,0); (5.75064,-1.68841) (0,0)
(5.881,-1.53812) (0,0); (6.08501,-1.2492) (0,0); (6.26734,-0.869323) (0,0); (6.34282,-0.575924) (0,0)
(6.36008,-0.421493) (0,0); (6.34896,-0.132734) (0,0); (6.25273,0.233141) (0,0); (6.11635,0.505229) (0,0)
(6.02334,0.645181) (0,0); (5.80825,0.90021) (0,0); (5.45871,1.21208) (0,0); (5.13798,1.43511) (0,0)
(4.95192,1.54708) (0,0); (4.57042,1.74522) (0,0); (4.02507,1.9778) (0,0); (3.57061,2.13619) (0,0)
(3.32012,2.21348) (0,0); (2.83012,2.34446) (0,0); (2.16895,2.49077) (0,0); (1.64545,2.58407) (0,0)
(1.36407,2.62961) (0,0); (0.831015,2.69635) (0,0); (0.141136,2.75734) (0,0); (-0.383319,2.7841) (0,0)
(-0.656482,2.79296) (0,0); (-1.16167,2.79755) (0,0); (-1.78937,2.78494) (0,0); (-2.24637,2.76101) (0,0)
(-2.47715,2.74443) (0,0); (-2.89014,2.70491) (0,0); (-3.37683,2.64121) (0,0); (-3.70988,2.5831) (0,0)
(-3.87041,2.54995) (0,0); (-4.14217,2.48262) (0,0); (-4.43213,2.38835) (0,0); (-4.60485,2.31119) (0,0)
(-4.67828,2.26919) (0,0); (-4.78173,2.18796) (0,0); (-4.84915,2.07971) (0,0); (-4.84903,1.99501) (0,0)
(-4.83136,1.94977) (0,0); (-4.76393,1.86425) (0,0); (-4.61493,1.75259) (0,0); (-4.45395,1.66693) (0,0)
(-4.35394,1.62142) (0,0); (-4.13684,1.53616) (0,0); (-3.80727,1.42521) (0,0); (-3.51916,1.34039) (0,0)
(-3.35663,1.29516) (0,0); (-3.03091,1.21037) (0,0); (-2.58013,1.09925) (0,0); (-2.21485,1.01371) (0,0)
(-2.01742,0.967799) (0,0); (-1.63746,0.881199) (0,0); (-1.13909,0.766745) (0,0); (-0.755106,0.677899) (0,0)
(-0.554055,0.630059) (0,0); (-0.179311,0.53938) (0,0); (0.289818,0.419385) (0,0); (0.6342,0.326125) (0,0)
(0.808642,0.276116) (0,0); (1.12238,0.181445) (0,0); (1.49349,0.0574811) (0,0); (1.74864,-0.0378726) (0,0)
(1.87164,-0.0883483) (0,0); (2.08033,-0.182981) (0,0); (2.30259,-0.303963) (0,0); (2.43462,-0.394784) (0,0)
(2.49029,-0.441764) (0,0); (2.56784,-0.528055) (0,0); (2.61546,-0.633836) (0,0); (2.6109,-0.709696) (0,0)
(2.59442,-0.747371) (0,0); (2.53618,-0.813807) (0,0); (2.41167,-0.888784) (0,0); (2.27904,-0.937279) (0,0)
(2.19717,-0.959077) (0,0); (2.0202,-0.993194) (0,0); (1.75347,-1.02162) (0,0); (1.52158,-1.03107) (0,0)
(1.39144,-1.03106) (0,0); (1.13155,-1.02234) (0,0); (0.774987,-0.99169) (0,0); (0.488308,-0.95343) (0,0)
(0.334656,-0.926956) (0,0); (0.0409769,-0.869111) (0,0); (-0.339638,-0.775672) (0,0); (-0.629401,-0.690283) (0,0)
(-0.77937,-0.640115) (0,0); (-1.05606,-0.53686) (0,0); (-1.39471,-0.386881) (0,0); (-1.63714,-0.260233) (0,0)
(-1.75702,-0.18964) (0,0); (-1.96746,-0.0501363) (0,0); (-2.20367,0.140626) (0,0); (-2.35531,0.293542) (0,0)
(-2.42355,0.375819) (0,0); (-2.52977,0.533393) (0,0); (-2.62046,0.738605) (0,0); (-2.65326,0.8956) (0,0)
(-2.65701,0.977261) (0,0); (-2.63858,1.12867) (0,0); (-2.5651,1.31546) (0,0); (-2.47092,1.45039) (0,0)
(-2.40814,1.51747) (0,0); (-2.26546,1.63612) (0,0); (-2.03665,1.77025) (0,0); (-1.8286,1.85721) (0,0)
(-1.70841,1.89634) (0,0); (-1.46279,1.9577) (0,0); (-1.11372,2.00936) (0,0); (-0.824255,2.02719) (0,0)
(-0.665592,2.02803) (0,0); (-0.356018,2.01404) (0,0); (0.0572989,1.96344) (0,0); (0.381296,1.89985) (0,0)
(1.57753,2.46919) (0,0); (1.16265,2.74604) (0,0); (0.623745,3.07931) (0,0); (0.212535,3.31332) (0,0)
(-0.00289502,3.43002) (0,0); (-0.403166,3.63431) (0,0); (-0.907227,3.87138) (0,0); (-1.27963,4.0305) (0,0)
(-1.47058,4.10729) (0,0); (-1.81722,4.23629) (0,0); (-2.23853,4.37558) (0,0); (-2.5377,4.46009) (0,0)
(-2.68686,4.4975) (0,0); (-2.94915,4.55311) (0,0); (-3.25163,4.59834) (0,0); (-3.45303,4.61206) (0,0)
(-3.54854,4.61236) (0,0); (-3.7064,4.59933) (0,0); (-3.86842,4.55733) (0,0); (-3.95893,4.50599) (0,0)
(-3.99505,4.47231) (0,0); (-4.04008,4.39677) (0,0); (-4.05521,4.27578) (0,0); (-4.03337,4.16584) (0,0)
(-4.01051,4.10164) (0,0); (-3.94573,3.97015) (0,0); (-3.82202,3.7787) (0,0); (-3.69717,3.61672) (0,0)
(-3.62131,3.52537) (0,0); (-3.45993,3.34448) (0,0); (-3.21818,3.09042) (0,0); (-3.00898,2.88187) (0,0)
(-2.89094,2.76504) (0,0); (-2.65277,2.54005) (0,0); (-2.3185,2.23285) (0,0); (-2.04428,1.98692) (0,0)
(-1.89403,1.85246) (0,0); (-1.60204,1.59352) (0,0); (-1.20949,1.24526) (0,0); (-0.899752,0.970348) (0,0)
(-0.73372,0.821931) (0,0); (-0.418147,0.538838) (0,0); (-0.00636249,0.164314) (0,0); (0.309286,-0.126699) (0,0)
(0.475443,-0.282048) (0,0); (0.785436,-0.57528) (0,0); (1.17911,-0.956649) (0,0); (1.47258,-1.24802) (0,0)
(1.62418,-1.40163) (0,0); (1.90148,-1.68818) (0,0); (2.2429,-2.05351) (0,0); (2.48896,-2.32697) (0,0)
(2.61298,-2.46893) (0,0); (2.83386,-2.72974) (0,0); (3.09379,-3.05362) (0,0); (3.27136,-3.28928) (0,0)
(3.35713,-3.40895) (0,0); (3.50252,-3.62384) (0,0); (3.65827,-3.88003) (0,0); (3.75162,-4.05785) (0,0)
(3.79142,-4.14469) (0,0); (3.84803,-4.29407) (0,0); (3.88482,-4.45785) (0,0); (3.8846,-4.55952) (0,0)
(3.87422,-4.60417) (0,0); (3.83551,-4.67104) (0,0); (3.7477,-4.72191) (0,0); (3.65183,-4.73304) (0,0)
(3.59098,-4.72843) (0,0); (3.45794,-4.70051) (0,0); (3.24996,-4.62495) (0,0); (3.06419,-4.53704) (0,0)
(2.95682,-4.47944) (0,0); (2.73847,-4.35113) (0,0); (2.42525,-4.14488) (0,0); (2.16346,-3.95703) (0,0)
(2.0178,-3.84688) (0,0); (1.73118,-3.62064) (0,0); (1.33792,-3.29033) (0,0); (1.02171,-3.01025) (0,0)
(0.849991,-2.85261) (0,0); (0.519553,-2.53972) (0,0); (0.0806345,-2.10355) (0,0); (-0.261743,-1.74783) (0,0)
(-0.443915,-1.55244) (0,0); (-0.787732,-1.17294) (0,0); (-1.23088,-0.660191) (0,0); (-1.56636,-0.253702) (0,0)
(-1.74107,-0.0345804) (0,0); (-2.06393,0.383708) (0,0); (-2.46576,0.93425) (0,0); (-2.75885,1.35989) (0,0)
(-2.9071,1.58555) (0,0); (-3.1733,2.00886) (0,0); (-3.48684,2.55272) (0,0); (-3.70127,2.9631) (0,0)
(-3.80301,3.17832) (0,0); (-3.97803,3.57167) (0,0); (-4.16556,4.06134) (0,0); (-4.27801,4.41858) (0,0)
(-4.32504,4.60049) (0,0); (-4.39072,4.92782) (0,0); (-4.42791,5.31919) (0,0); (-4.41925,5.59179) (0,0)
(-4.40082,5.72518) (0,0); (-4.34066,5.95524) (0,0); (-4.21186,6.20871) (0,0); (-4.07458,6.36718) (0,0)
(-3.98819,6.43733) (0,0); (-3.80051,6.54354) (0,0); (-3.50934,6.6278) (0,0); (-3.25067,6.65076) (0,0)
(-3.10177,6.64741) (0,0); (-2.79978,6.61245) (0,0); (-2.36913,6.50938) (0,0); (-2.01099,6.38633) (0,0)
(-1.81267,6.30523) (0,0); (-1.42378,6.12355) (0,0); (-0.89432,5.83097) (0,0); (-0.471601,5.56416) (0,0)
(-0.243551,5.40796) (0,0); (0.192982,5.08719) (0,0); (0.766605,4.62037) (0,0); (1.20937,4.22555) (0,0)
(1.44284,4.00406) (0,0); (1.8799,3.56532) (0,0); (2.43477,2.95681) (0,0); (2.84825,2.46278) (0,0)
(-0.891653,4.04672) (0,0); (-1.58339,3.9087) (0,0); (-2.45556,3.70305) (0,0); (-3.10078,3.52585) (0,0)
(-3.43291,3.42712) (0,0); (-4.03747,3.23114) (0,0); (-4.77861,2.96415) (0,0); (-5.31013,2.75088) (0,0)
(-5.57787,2.63671) (0,0); (-6.05351,2.41907) (0,0); (-6.6141,2.13705) (0,0); (-6.99779,1.92239) (0,0)
(-7.18436,1.81064) (0,0); (-7.50226,1.60397) (0,0); (-7.84997,1.3467) (0,0); (-8.06509,1.15902) (0,0)
(-8.1609,1.06381) (0,0); (-8.30572,0.89293) (0,0); (-8.42575,0.688914) (0,0); (-8.46492,0.547063) (0,0)
(-8.46737,0.477258) (0,0); (-8.43685,0.356695) (0,0); (-8.33099,0.220571) (0,0); (-8.19922,0.132471) (0,0)
(-8.11216,0.0911294) (0,0); (-7.91587,0.0244201) (0,0); (-7.60071,-0.0433196) (0,0); (-7.31389,-0.0804481) (0,0)
(-7.14668,-0.0959369) (0,0); (-6.80441,-0.115449) (0,0); (-6.3086,-0.127753) (0,0); (-5.89085,-0.127101) (0,0)
(-5.65598,-0.125904) (0,0); (-5.19282,-0.112721) (0,0); (-4.55135,-0.0856589) (0,0); (-4.0312,-0.057359) (0,0)
(-3.74649,-0.041568) (0,0); (-3.19556,-0.00851203) (0,0); (-2.45475,0.0357707) (0,0); (-1.8701,0.0705956) (0,0)
(-1.55565,0.0882111) (0,0); (-0.956985,0.120692) (0,0); (-0.170677,0.157952) (0,0); (0.435985,0.182587) (0,0)
(0.757491,0.193394) (0,0); (1.36072,0.210155) (0,0); (2.13576,0.222463) (0,0); (2.7206,0.224569) (0,0)
(3.02581,0.22255) (0,0); (3.58966,0.213303) (0,0); (4.29641,0.189392) (0,0); (4.81593,0.161988) (0,0)
(5.08191,0.144046) (0,0); (5.5636,0.104123) (0,0); (6.14741,0.0401778) (0,0); (6.56065,-0.0179216) (0,0)
(6.76608,-0.0518177) (0,0); (7.12637,-0.121318) (0,0); (7.53831,-0.221762) (0,0); (7.80948,-0.306232) (0,0)
(7.93611,-0.353268) (0,0); (8.1421,-0.446037) (0,0); (8.34267,-0.573027) (0,0); (8.44413,-0.674919) (0,0)
(8.47839,-0.729949) (0,0); (8.50654,-0.835529) (0,0); (8.46962,-0.97421) (0,0); (8.38486,-1.08121) (0,0)
(8.3194,-1.13745) (0,0); (8.15845,-1.24258) (0,0); (7.87491,-1.37499) (0,0); (7.60123,-1.47285) (0,0)
(7.43627,-1.52262) (0,0); (7.08961,-1.61266) (0,0); (6.57013,-1.71963) (0,0); (6.12049,-1.79357) (0,0)
(5.86468,-1.82909) (0,0); (5.35182,-1.88946) (0,0); (4.62825,-1.95241) (0,0); (4.03196,-1.98854) (0,0)
(3.70261,-2.00262) (0,0); (3.05928,-2.02017) (0,0); (2.18418,-2.02291) (0,0); (1.48608,-2.00957) (0,0)
(1.10853,-1.99636) (0,0); (0.385209,-1.96067) (0,0); (-0.570687,-1.89107) (0,0); (-1.31265,-1.82006) (0,0)
(-1.70649,-1.77565) (0,0); (-2.44764,-1.68022) (0,0); (-3.40001,-1.53151) (0,0); (-4.11874,-1.39897) (0,0)
(-4.49264,-1.32155) (0,0); (-5.18215,-1.16444) (0,0); (-6.03956,-0.934117) (0,0); (-6.66436,-0.738168) (0,0)
(-6.98133,-0.624694) (0,0); (-7.5497,-0.406353) (0,0); (-8.2269,-0.104224) (0,0); (-8.69659,0.140567) (0,0)
(-8.92553,0.275445) (0,0); (-9.31854,0.5371) (0,0); (-9.7471,0.89128) (0,0); (-10.011,1.17255) (0,0)
(-10.126,1.32436) (0,0); (-10.2959,1.61458) (0,0); (-10.4206,1.99685) (0,0); (-10.4418,2.2926) (0,0)
(-10.4255,2.44913) (0,0); (-10.3441,2.74302) (0,0); (-10.1371,3.11846) (0,0); (-9.90144,3.40009) (0,0)
(-9.74918,3.54564) (0,0); (-9.41223,3.81267) (0,0); (-8.87851,4.14024) (0,0); (-8.39732,4.37533) (0,0)
(-8.11791,4.49256) (0,0); (-7.54733,4.69977) (0,0); (-6.72529,4.93665) (0,0); (-6.03576,5.09256) (0,0)
(-5.65151,5.16441) (0,0); (-4.89421,5.28018) (0,0); (-3.85377,5.38698) (0,0); (-3.01618,5.43493) (0,0)
(-2.56123,5.4469) (0,0); (-1.68542,5.44523) (0,0); (-0.522042,5.39158) (0,0); (0.385479,5.31103) (0,0)
(-2.46919,1.57753) (0,0); (-2.74604,1.16265) (0,0); (-3.07931,0.623745) (0,0); (-3.31332,0.212535) (0,0)
(-3.43002,-0.00289502) (0,0); (-3.63431,-0.403166) (0,0); (-3.87138,-0.907227) (0,0); (-4.0305,-1.27963) (0,0)
(-4.10729,-1.47058) (0,0); (-4.23629,-1.81722) (0,0); (-4.37558,-2.23853) (0,0); (-4.46009,-2.5377) (0,0)
(-4.4975,-2.68686) (0,0); (-4.55311,-2.94915) (0,0); (-4.59834,-3.25163) (0,0); (-4.61206,-3.45303) (0,0)
(-4.61236,-3.54854) (0,0); (-4.59933,-3.7064) (0,0); (-4.55733,-3.86842) (0,0); (-4.50599,-3.95893) (0,0)
(-4.47231,-3.99505) (0,0); (-4.39677,-4.04008) (0,0); (-4.27578,-4.05521) (0,0); (-4.16584,-4.03337) (0,0)
(-4.10164,-4.01051) (0,0); (-3.97015,-3.94573) (0,0); (-3.7787,-3.82202) (0,0); (-3.61672,-3.69717) (0,0)
(-3.52537,-3.62131) (0,0); (-3.34448,-3.45993) (0,0); (-3.09042,-3.21818) (0,0); (-2.88187,-3.00898) (0,0)
(-2.76504,-2.89094) (0,0); (-2.54005,-2.65277) (0,0); (-2.23285,-2.3185) (0,0); (-1.98692,-2.04428) (0,0)
(-1.85246,-1.89403) (0,0); (-1.59352,-1.60204) (0,0); (-1.24526,-1.20949) (0,0); (-0.970348,-0.899752) (0,0)
(-0.821931,-0.73372) (0,0); (-0.538838,-0.418147) (0,0); (-0.164314,-0.00636249) (0,0); (0.126699,0.309286) (0,0)
(0.282048,0.475443) (0,0); (0.57528,0.785436) (0,0); (0.956649,1.17911) (0,0); (1.24802,1.47258) (0,0)
(1.40163,1.62418) (0,0); (1.68818,1.90148) (0,0); (2.05351,2.2429) (0,0); (2.32697,2.48896) (0,0)
(2.46893,2.61298) (0,0); (2.72974,2.83386) (0,0); (3.05362,3.09379) (0,0); (3.28928,3.27136) (0,0)
(3.40895,3.35713) (0,0); (3.62384,3.50252) (0,0); (3.88003,3.65827) (0,0); (4.05785,3.75162) (0,0)
(4.14469,3.79142) (0,0); (4.29407,3.84803) (0,0); (4.45785,3.88482) (0,0); (4.55952,3.8846) (0,0)
(4.60417,3.87422) (0,0); (4.67104,3.83551) (0,0); (4.72191,3.7477) (0,0); (4.73304,3.65183) (0,0)
(4.72843,3.59098) (0,0); (4.70051,3.45794) (0,0); (4.62495,3.24996) (0,0); (4.53704,3.06419) (0,0)
(4.47944,2.95682) (0,0); (4.35113,2.73847) (0,0); (4.14488,2.42525) (0,0); (3.95703,2.16346) (0,0)
(3.84688,2.0178) (0,0); (3.62064,1.73118) (0,0); (3.29033,1.33792) (0,0); (3.01025,1.02171) (0,0)
(2.85261,0.849991) (0,0); (2.53972,0.519553) (0,0); (2.10355,0.0806345) (0,0); (1.74783,-0.261743) (0,0)
(1.55244,-0.443915) (0,0); (1.17294,-0.787732) (0,0); (0.660191,-1.23088) (0,0); (0.253702,-1.56636) (0,0)
(0.0345804,-1.74107) (0,0); (-0.383708,-2.06393) (0,0); (-0.93425,-2.46576) (0,0); (-1.35989,-2.75885) (0,0)
(-1.58555,-2.9071) (0,0); (-2.00886,-3.1733) (0,0); (-2.55272,-3.48684) (0,0); (-2.9631,-3.70127) (0,0)
(-3.17832,-3.80301) (0,0); (-3.57167,-3.97803) (0,0); (-4.06134,-4.16556) (0,0); (-4.41858,-4.27801) (0,0)
(-4.60049,-4.32504) (0,0); (-4.92782,-4.39072) (0,0); (-5.31919,-4.42791) (0,0); (-5.59179,-4.41925) (0,0)
(-5.72518,-4.40082) (0,0); (-5.95524,-4.34066) (0,0); (-6.20871,-4.21186) (0,0); (-6.36718,-4.07458) (0,0)
(-6.43733,-3.98819) (0,0); (-6.54354,-3.80051) (0,0); (-6.6278,-3.50934) (0,0); (-6.65076,-3.25067) (0,0)
(-6.64741,-3.10177) (0,0); (-6.61245,-2.79978) (0,0); (-6.50938,-2.36913) (0,0); (-6.38633,-2.01099) (0,0)
(-6.30523,-1.81267) (0,0); (-6.12355,-1.42378) (0,0); (-5.83097,-0.89432) (0,0); (-5.56416,-0.471601) (0,0)
(-5.40796,-0.243551) (0,0); (-5.08719,0.192982) (0,0); (-4.62037,0.766605) (0,0); (-4.22555,1.20937) (0,0)
(-4.00406,1.44284) (0,0); (-3.56532,1.8799) (0,0); (-2.95681,2.43477) (0,0); (-2.46278,2.84825) (0,0)
(2.69413,-1.90933) (0,0); (3.03046,-1.44282) (0,0); (3.43294,-0.806697) (0,0); (3.71358,-0.298099) (0,0)
(3.84954,-0.0232144) (0,0); (4.08254,0.503566) (0,0); (4.33218,1.19826) (0,0); (4.48186,1.73637) (0,0)
(4.54457,2.02126) (0,0); (4.63207,2.5562) (0,0); (4.68211,3.24091) (0,0); (4.67131,3.75556) (0,0)
(4.64757,4.02265) (0,0); (4.56935,4.5138) (0,0); (4.40288,5.12319) (0,0); (4.2259,5.56617) (0,0)
(4.11532,5.79093) (0,0); (3.87556,6.19397) (0,0); (3.50742,6.67513) (0,0); (3.18286,7.00965) (0,0)
(2.99768,7.17415) (0,0); (2.62407,7.45827) (0,0); (2.09839,7.7775) (0,0); (1.66619,7.98274) (0,0)
(1.42945,8.07784) (0,0); (0.969011,8.22942) (0,0); (0.352511,8.37629) (0,0); (-0.132081,8.44985) (0,0)
(-0.390435,8.47652) (0,0); (-0.878426,8.50075) (0,0); (-1.50896,8.49083) (0,0); (-1.98752,8.4514) (0,0)
(-2.24074,8.42357) (0,0); (-2.70042,8.34181) (0,0); (-3.26823,8.19529) (0,0); (-3.67897,8.05243) (0,0)
(-3.88646,7.96887) (0,0); (-4.25651,7.79451) (0,0); (-4.69075,7.54326) (0,0); (-4.98635,7.33246) (0,0)
(-5.12803,7.21629) (0,0); (-5.36642,6.98851) (0,0); (-5.61679,6.68116) (0,0); (-5.76219,6.4378) (0,0)
(-5.8221,6.30762) (0,0); (-5.90214,6.06026) (0,0); (-5.94254,5.73888) (0,0); (-5.92442,5.49359) (0,0)
(-5.89798,5.36502) (0,0); (-5.81579,5.12614) (0,0); (-5.65033,4.82446) (0,0); (-5.47888,4.60091) (0,0)
(-5.37393,4.48567) (0,0); (-5.14885,4.2757) (0,0); (-4.81104,4.01715) (0,0); (-4.51829,3.8308) (0,0)
(-4.35379,3.73628) (0,0); (-4.02541,3.56741) (0,0); (-3.57305,3.36493) (0,0); (-3.20801,3.22343) (0,0)
(-3.01126,3.15302) (0,0); (-2.6335,3.03018) (0,0); (-2.14016,2.888) (0,0); (-1.76167,2.79289) (0,0)
(-1.56425,2.74698) (0,0); (-1.19749,2.66995) (0,0); (-0.741682,2.58655) (0,0); (-0.409739,2.53576) (0,0)
(-0.242906,2.5131) (0,0); (0.0549082,2.4791) (0,0); (0.401254,2.45063) (0,0); (0.634351,2.44099) (0,0)
(0.744305,2.43998) (0,0); (0.926266,2.44601) (0,0); (1.10857,2.46893) (0,0); (1.20607,2.49803) (0,0)
(1.24179,2.51755) (0,0); (1.27914,2.56177) (0,0); (1.26853,2.63421) (0,0); (1.21492,2.70105) (0,0)
(1.17071,2.74064) (0,0); (1.05743,2.82247) (0,0); (0.855482,2.94381) (0,0); (0.659209,3.04797) (0,0)
(0.542101,3.10733) (0,0); (0.296224,3.22614) (0,0); (-0.064607,3.39482) (0,0); (-0.371846,3.53458) (0,0)
(-0.542804,3.61237) (0,0); (-0.881179,3.76513) (0,0); (-1.34137,3.97535) (0,0); (-1.70841,4.14484) (0,0)
(-1.90421,4.23727) (0,0); (-2.27782,4.41561) (0,0); (-2.75644,4.65378) (0,0); (-3.1165,4.84052) (0,0)
(-3.29831,4.94038) (0,0); (-3.63694,5.13095) (0,0); (-4.04819,5.38062) (0,0); (-4.33996,5.57275) (0,0)
(-4.48206,5.67354) (0,0); (-4.72862,5.86163) (0,0); (-4.99613,6.09732) (0,0); (-5.15962,6.27053) (0,0)
(-5.22881,6.35799) (0,0); (-5.32778,6.51529) (0,0); (-5.38785,6.69868) (0,0); (-5.38097,6.82251) (0,0)
(-5.35704,6.88024) (0,0); (-5.27507,6.97538) (0,0); (-5.09385,7.06531) (0,0); (-4.89802,7.10803) (0,0)
(-4.77393,7.11936) (0,0); (-4.50304,7.12118) (0,0); (-4.08076,7.07846) (0,0); (-3.70434,7.01117) (0,0)
(-3.48747,6.96144) (0,0); (-3.04701,6.84351) (0,0); (-2.41922,6.63705) (0,0); (-1.89734,6.43849) (0,0)
(-1.60892,6.31765) (0,0); (-1.04384,6.06311) (0,0); (-0.277603,5.676) (0,0); (0.331875,5.33714) (0,0)
(0.659252,5.142) (0,0); (1.28392,4.74773) (0,0); (2.09849,4.18217) (0,0); (2.72247,3.70949) (0,0)
(-2.76634,-3.85339) (0,0); (-2.10843,-4.33013) (0,0); (-1.23445,-4.88619) (0,0); (-0.552641,-5.26183) (0,0)
(-0.1921,-5.44111) (0,0); (0.486173,-5.7408) (0,0); (1.34936,-6.05268) (0,0); (1.99426,-6.23107) (0,0)
(2.32558,-6.30357) (0,0); (2.93021,-6.39783) (0,0); (3.66459,-6.43895) (0,0); (4.18569,-6.40771) (0,0)
(4.44363,-6.36971) (0,0); (4.89502,-6.25693) (0,0); (5.40593,-6.03536) (0,0); (5.73772,-5.8085) (0,0)
(5.89056,-5.66998) (0,0); (6.13451,-5.37397) (0,0); (6.36356,-4.92945) (0,0); (6.47074,-4.54405) (0,0)
(6.50334,-4.32671) (0,0); (6.5181,-3.8923) (0,0); (6.45047,-3.28949) (0,0); (6.33204,-2.79986) (0,0)
(6.24751,-2.53377) (0,0); (6.0459,-2.02007) (0,0); (5.71108,-1.33907) (0,0); (5.39945,-0.808886) (0,0)
(5.21816,-0.527927) (0,0); (4.84464,2.32278e-05) (0,0); (4.31099,0.676346) (0,0); (3.86646,1.18513) (0,0)
(3.62256,1.45135) (0,0); (3.14216,1.93438) (0,0); (2.49527,2.5264) (0,0); (1.98405,2.95088) (0,0)
(1.71237,3.16394) (0,0); (1.19782,3.5413) (0,0); (0.538631,3.9798) (0,0); (0.042705,4.27462) (0,0)
(-0.212897,4.41478) (0,0); (-0.681313,4.64794) (0,0); (-1.25325,4.88786) (0,0); (-1.66156,5.02248) (0,0)
(-1.86453,5.07585) (0,0); (-2.22143,5.14202) (0,0); (-2.62922,5.16147) (0,0); (-2.89741,5.1251) (0,0)
(-3.02254,5.08813) (0,0); (-3.22546,4.98478) (0,0); (-3.42438,4.78832) (0,0); (-3.52639,4.59053) (0,0)
(-3.56292,4.47034) (0,0); (-3.59738,4.21478) (0,0); (-3.57989,3.83204) (0,0); (-3.51862,3.5009) (0,0)
(-3.47104,3.31412) (0,0); (-3.35125,2.94092) (0,0); (-3.14601,2.42248) (0,0); (-2.9512,2.00097) (0,0)
(-2.83766,1.7716) (0,0); (-2.6025,1.32832) (0,0); (-2.26757,0.739637) (0,0); (-1.98931,0.280524) (0,0)
(-1.8378,0.0371934) (0,0); (-1.54296,-0.421085) (0,0); (-1.15431,-1.00713) (0,0); (-0.853405,-1.44719) (0,0)
(-0.696422,-1.67447) (0,0); (-0.403885,-2.09131) (0,0); (-0.0413635,-2.60252) (0,0); (0.221806,-2.96931) (0,0)
(0.353154,-3.1525) (0,0); (0.586276,-3.47641) (0,0); (0.853277,-3.84942) (0,0); (1.02944,-4.0973) (0,0)
(1.11092,-4.21351) (0,0); (1.24239,-4.40384) (0,0); (1.36694,-4.59147) (0,0); (1.42639,-4.68875) (0,0)
(1.44477,-4.72299) (0,0); (1.45434,-4.75491) (0,0); (1.41974,-4.73206) (0,0); (1.35713,-4.66511) (0,0)
(1.31226,-4.61229) (0,0); (1.20474,-4.48017) (0,0); (1.0268,-4.24756) (0,0); (0.861578,-4.02312) (0,0)
(0.766157,-3.88901) (0,0); (0.570067,-3.6079) (0,0); (0.293796,-3.19301) (0,0); (0.0663917,-2.83815) (0,0)
(-0.0563479,-2.63904) (0,0); (-0.293993,-2.24369) (0,0); (-0.601903,-1.69763) (0,0); (-0.836252,-1.25593) (0,0)
(-0.955357,-1.0151) (0,0); (-1.17687,-0.555555) (0,0); (-1.44524,0.0496569) (0,0); (-1.63513,0.517834) (0,0)
(-1.72683,0.764786) (0,0); (-1.88471,1.2274) (0,0); (-2.05133,1.81298) (0,0); (-2.14887,2.24798) (0,0)
(-2.18771,2.47039) (0,0); (-2.23791,2.87446) (0,0); (-2.25341,3.36004) (0,0); (-2.22695,3.7003) (0,0)
(-2.19857,3.86644) (0,0); (-2.11868,4.1533) (0,0); (-1.96357,4.46678) (0,0); (-1.80568,4.66045) (0,0)
(-1.70894,4.74452) (0,0); (-1.502,4.86855) (0,0); (-1.19043,4.95785) (0,0); (-0.919763,4.97072) (0,0)
(-0.767202,4.95694) (0,0); (-0.461919,4.89277) (0,0); (-0.040228,4.7343) (0,0); (0.300897,4.55556) (0,0)
(0.484763,4.44099) (0,0); (0.838192,4.18819) (0,0); (1.29847,3.79177) (0,0); (1.65059,3.43691) (0,0)
(1.83313,3.2326) (0,0); (2.17096,2.81726) (0,0); (2.58459,2.22683) (0,0); (2.88082,1.73709) (0,0)
(-4.7104,1.60708) (0,0); (-4.99574,0.80876) (0,0); (-5.31394,-0.218794) (0,0); (-5.51637,-0.995608) (0,0)
(-5.60999,-1.39947) (0,0); (-5.75819,-2.14444) (0,0); (-5.90158,-3.06986) (0,0); (-5.97317,-3.74348) (0,0)
(-5.99926,-4.08459) (0,0); (-6.02382,-4.69598) (0,0); (-6.01526,-5.42143) (0,0); (-5.97758,-5.9221) (0,0)
(-5.94872,-6.16577) (0,0); (-5.87571,-6.5826) (0,0); (-5.75262,-7.03842) (0,0); (-5.63696,-7.32031) (0,0)
(-5.57035,-7.44522) (0,0); (-5.43344,-7.63292) (0,0); (-5.24102,-7.78559) (0,0); (-5.08296,-7.83192) (0,0)
(-4.99752,-7.83237) (0,0); (-4.83247,-7.78633) (0,0); (-4.61652,-7.64157) (0,0); (-4.45055,-7.46571) (0,0)
(-4.3641,-7.35183) (0,0); (-4.20358,-7.09695) (0,0); (-4.00428,-6.69764) (0,0); (-3.85928,-6.34042) (0,0)
(-3.78629,-6.13652) (0,0); (-3.65608,-5.72305) (0,0); (-3.5035,-5.1436) (0,0); (-3.39982,-4.66885) (0,0)
(-3.34966,-4.41195) (0,0); (-3.26527,-3.9082) (0,0); (-3.17361,-3.2371) (0,0); (-3.11749,-2.71214) (0,0)
(-3.09256,-2.4349) (0,0); (-3.0554,-1.91303) (0,0); (-3.02483,-1.24958) (0,0); (-3.01514,-0.754432) (0,0)
(-3.01441,-0.500354) (0,0); (-3.02189,-0.0371626) (0,0); (-3.04655,0.52433) (0,0); (-3.07688,0.921847) (0,0)
(-3.0963,1.11828) (0,0); (-3.13967,1.46131) (0,0); (-3.20663,1.84815) (0,0); (-3.2659,2.09809) (0,0)
(-3.29943,2.21269) (0,0); (-3.36682,2.39445) (0,0); (-3.46052,2.56238) (0,0); (-3.53677,2.63804) (0,0)
(-3.57825,2.65933) (0,0); (-3.6583,2.6633) (0,0); (-3.765,2.60089) (0,0); (-3.84852,2.50124) (0,0)
(-3.8932,2.43137) (0,0); (-3.97774,2.26676) (0,0); (-4.08847,1.99544) (0,0); (-4.17367,1.74415) (0,0)
(-4.21908,1.598) (0,0); (-4.30437,1.29733) (0,0); (-4.41593,0.867052) (0,0); (-4.50167,0.508165) (0,0)
(-4.54758,0.310744) (0,0); (-4.63399,-0.0756156) (0,0); (-4.74799,-0.594494) (0,0); (-4.83635,-1.00352) (0,0)
(-4.884,-1.22096) (0,0); (-4.9743,-1.63252) (0,0); (-5.09451,-2.1599) (0,0); (-5.18849,-2.55677) (0,0)
(-5.23933,-2.76135) (0,0); (-5.33614,-3.13642) (0,0); (-5.46507,-3.59412) (0,0); (-5.56589,-3.92067) (0,0)
(-5.62013,-4.08264) (0,0); (-5.72322,-4.36709) (0,0); (-5.85875,-4.68988) (0,0); (-5.9634,-4.90022) (0,0)
(-6.01885,-4.99705) (0,0); (-6.12304,-5.15182) (0,0); (-6.25613,-5.29631) (0,0); (-6.35595,-5.36303) (0,0)
(-6.40735,-5.38245) (0,0); (-6.50157,-5.38868) (0,0); (-6.61558,-5.33897) (0,0); (-6.69612,-5.25654) (0,0)
(-6.73523,-5.19797) (0,0); (-6.80296,-5.05914) (0,0); (-6.87456,-4.82817) (0,0); (-6.9166,-4.61295) (0,0)
(-6.93266,-4.4869) (0,0); (-6.95329,-4.22752) (0,0); (-6.95331,-3.85217) (0,0); (-6.93271,-3.53618) (0,0)
(-6.91084,-3.35806) (0,0); (-6.86338,-3.01563) (0,0); (-6.77621,-2.55329) (0,0); (-6.69005,-2.187) (0,0)
(-6.63559,-1.99044) (0,0); (-6.51894,-1.61651) (0,0); (-6.33568,-1.13182) (0,0); (-6.17141,-0.762767) (0,0)
(-6.0753,-0.570715) (0,0); (-5.87874,-0.215399) (0,0); (-5.59205,0.225595) (0,0); (-5.34916,0.546276) (0,0)
(-5.21237,0.707976) (0,0); (-4.94076,0.996911) (0,0); (-4.5621,1.3365) (0,0); (-4.25326,1.56811) (0,0)
(-4.08377,1.67952) (0,0); (-3.75463,1.8675) (0,0); (-3.31104,2.06752) (0,0); (-2.96021,2.18614) (0,0)
(-2.7717,2.23668) (0,0); (-2.41266,2.30768) (0,0); (-1.94297,2.35531) (0,0); (-1.58203,2.35732) (0,0)
(-1.3919,2.3473) (0,0); (-1.03673,2.30616) (0,0); (-0.58576,2.2157) (0,0); (-0.249637,2.1182) (0,0)
(-0.0762712,2.05872) (0,0); (0.240485,1.93023) (0,0); (0.629245,1.74073) (0,0); (0.908419,1.57874) (0,0)
(0.750069,3.55114) (0,0); (0.143146,3.69607) (0,0); (-0.64655,3.8607) (0,0); (-1.25015,3.96812) (0,0)
(-1.56835,4.01842) (0,0); (-2.16183,4.09993) (0,0); (-2.91876,4.18108) (0,0); (-3.48558,4.22396) (0,0)
(-3.78027,4.24025) (0,0); (-4.32196,4.25806) (0,0); (-4.99775,4.25842) (0,0); (-5.49197,4.24118) (0,0)
(-5.74479,4.22659) (0,0); (-6.20137,4.18813) (0,0); (-6.75567,4.12013) (0,0); (-7.14877,4.05436) (0,0)
(-7.3456,4.01569) (0,0); (-7.69239,3.93503) (0,0); (-8.09715,3.81899) (0,0); (-8.37083,3.72177) (0,0)
(-8.50318,3.66849) (0,0); (-8.7265,3.56424) (0,0); (-8.9686,3.42543) (0,0); (-9.11641,3.31688) (0,0)
(-9.18216,3.25978) (0,0); (-9.28047,3.15253) (0,0); (-9.36285,3.01772) (0,0); (-9.39081,2.91831) (0,0)
(-9.39488,2.86792) (0,0); (-9.37915,2.77768) (0,0); (-9.32345,2.67088) (0,0); (-9.2538,2.59742) (0,0)
(-9.21296,2.56027) (0,0); (-9.10785,2.49924) (0,0); (-8.93712,2.43178) (0,0); (-8.78052,2.38941) (0,0)
(-8.6914,2.37004) (0,0); (-8.50973,2.34019) (0,0); (-8.2542,2.31388) (0,0); (-8.04419,2.30341) (0,0)
(-7.92954,2.30115) (0,0); (-7.70699,2.30341) (0,0); (-7.41009,2.31763) (0,0); (-7.17752,2.33717) (0,0)
(-7.05388,2.35005) (0,0); (-6.82038,2.37955) (0,0); (-6.51995,2.42556) (0,0); (-6.29291,2.46658) (0,0)
(-6.17487,2.48958) (0,0); (-5.95715,2.53581) (0,0); (-5.68647,2.59852) (0,0); (-5.48926,2.64842) (0,0)
(-5.38926,2.67466) (0,0); (-5.20977,2.72422) (0,0); (-4.99615,2.786) (0,0); (-4.84818,2.83113) (0,0)
(-4.77595,2.85353) (0,0); (-4.6519,2.89325) (0,0); (-4.5155,2.9379) (0,0); (-4.43048,2.96662) (0,0)
(-4.39268,2.97942) (0,0); (-4.33536,2.99919) (0,0); (-4.28852,3.01542) (0,0); (-4.27403,3.02053) (0,0)
(-4.27403,3.02053) (0,0); (-4.28852,3.01542) (0,0); (-4.33536,2.99919) (0,0); (-4.39268,2.97942) (0,0)
(-4.43048,2.96662) (0,0); (-4.5155,2.9379) (0,0); (-4.6519,2.89325) (0,0); (-4.77595,2.85353) (0,0)
(-4.84818,2.83113) (0,0); (-4.99615,2.786) (0,0); (-5.20977,2.72422) (0,0); (-5.38926,2.67466) (0,0)
(-5.48926,2.64842) (0,0); (-5.68647,2.59852) (0,0); (-5.95715,2.53581) (0,0); (-6.17487,2.48958) (0,0)
(-6.29291,2.46658) (0,0); (-6.51995,2.42556) (0,0); (-6.82038,2.37955) (0,0); (-7.05388,2.35005) (0,0)
(-7.17752,2.33717) (0,0); (-7.41009,2.31763) (0,0); (-7.70699,2.30341) (0,0); (-7.92954,2.30115) (0,0)
(-8.04419,2.30341) (0,0); (-8.2542,2.31388) (0,0); (-8.50973,2.34019) (0,0); (-8.6914,2.37004) (0,0)
(-8.78052,2.38941) (0,0); (-8.93712,2.43178) (0,0); (-9.10785,2.49924) (0,0); (-9.21296,2.56027) (0,0)
(-9.2538,2.59742) (0,0); (-9.32345,2.67088) (0,0); (-9.37915,2.77768) (0,0); (-9.39488,2.86792) (0,0)
(-9.39081,2.91831) (0,0); (-9.36285,3.01772) (0,0); (-9.28047,3.15253) (0,0); (-9.18216,3.25978) (0,0)
(-9.11641,3.31688) (0,0); (-8.9686,3.42543) (0,0); (-8.7265,3.56424) (0,0); (-8.50318,3.66849) (0,0)
(-8.37083,3.72177) (0,0); (-8.09715,3.81899) (0,0); (-7.69239,3.93503) (0,0); (-7.3456,4.01569) (0,0)
(-7.14877,4.05436) (0,0); (-6.75567,4.12013) (0,0); (-6.20137,4.18813) (0,0); (-5.74479,4.22659) (0,0)
(-5.49197,4.24118) (0,0); (-4.99775,4.25842) (0,0); (-4.32196,4.25806) (0,0); (-3.78027,4.24025) (0,0)
(-3.48558,4.22396) (0,0); (-2.91876,4.18108) (0,0); (-2.16183,4.09993) (0,0); (-1.56835,4.01842) (0,0)
(-1.25015,3.96812) (0,0); (-0.64655,3.8607) (0,0); (0.143146,3.69607) (0,0); (0.750069,3.55114) (0,0)
