(-0.0228106,-0.0627852) (0,0); (-0.011946,-0.0668797) (0,0); (0.00251843,-0.0714479) (0,0); (0.0138263,-0.074356) (0,0)
(0.0198484,-0.0756459) (0,0); (0.0312256,-0.0776231) (0,0); (0.04591,-0.0791925) (0,0); (0.0570426,-0.0796213) (0,0)
(0.0628485,-0.0795475) (0,0); (0.0735879,-0.0788629) (0,0); (0.0870022,-0.076847) (0,0); (0.0968256,-0.0744415) (0,0)
(0.101824,-0.0728519) (0,0); (0.11083,-0.0692872) (0,0); (0.121607,-0.0635379) (0,0); (0.129121,-0.0582894) (0,0)
(0.132804,-0.0552167) (0,0); (0.139163,-0.0489039) (0,0); (0.146215,-0.0397251) (0,0); (0.150665,-0.0319678) (0,0)
(0.152665,-0.0276224) (0,0); (0.155747,-0.0190214) (0,0); (0.158382,-0.00712308) (0,0); (0.159338,0.00251491) (0,0)
(0.159464,0.00777424) (0,0); (0.15898,0.0179388) (0,0); (0.156961,0.0315352) (0,0); (0.15435,0.0422125) (0,0)
(0.152602,0.0479216) (0,0); (0.148619,0.0587511) (0,0); (0.14218,0.0728214) (0,0); (0.136292,0.0835603) (0,0)
(0.132879,0.0891709) (0,0); (0.125825,0.0997202) (0,0); (0.115604,0.113142) (0,0); (0.106992,0.123168) (0,0)
(0.102183,0.12835) (0,0); (0.0926845,0.13784) (0,0); (0.079575,0.149564) (0,0); (0.0689779,0.158047) (0,0)
(0.063194,0.162345) (0,0); (0.0520255,0.170032) (0,0); (0.0370491,0.179199) (0,0); (0.0252606,0.185564) (0,0)
(0.0189246,0.188696) (0,0); (0.00687989,0.194108) (0,0); (-0.00894834,0.200203) (0,0); (-0.0211666,0.204134) (0,0)
(-0.0276609,0.20596) (0,0); (-0.0398607,0.208886) (0,0); (-0.0556543,0.211734) (0,0); (-0.0676644,0.213175) (0,0)
(-0.0739965,0.213691) (0,0); (-0.085782,0.214172) (0,0); (-0.100872,0.213915) (0,0); (-0.112218,0.213041) (0,0)
(-0.118167,0.212361) (0,0); (-0.129163,0.210652) (0,0); (-0.143138,0.207689) (0,0); (-0.153565,0.204857) (0,0)
(-0.159014,0.203182) (0,0); (-0.169041,0.199695) (0,0); (-0.181735,0.194604) (0,0); (-0.191166,0.190287) (0,0)
(-0.196089,0.187879) (0,0); (-0.20513,0.183116) (0,0); (-0.216564,0.176568) (0,0); (-0.22505,0.171295) (0,0)
(-0.229481,0.168433) (0,0); (-0.237618,0.162927) (0,0); (-0.247914,0.155615) (0,0); (-0.25556,0.149911) (0,0)
(-0.259554,0.146873) (0,0); (-0.266893,0.141137) (0,0); (-0.276177,0.13371) (0,0); (-0.283069,0.128062) (0,0)
(-0.286663,0.125098) (0,0); (-0.293263,0.119593) (0,0); (-0.301573,0.112626) (0,0); (-0.307712,0.107451) (0,0)
(-0.310894,0.104777) (0,0); (-0.316708,0.0998931) (0,0); (-0.323933,0.093864) (0,0); (-0.329195,0.0895063) (0,0)
(-0.331883,0.0872969) (0,0); (-0.33673,0.0833447) (0,0); (-0.342582,0.0786274) (0,0); (-0.346705,0.0753484) (0,0)
(-0.348747,0.073733) (0,0); (-0.352317,0.0709395) (0,0); (-0.356352,0.0677896) (0,0); (-0.358966,0.0657545) (0,0)
(-0.36016,0.0647993) (0,0); (-0.362056,0.0632873) (0,0); (-0.363746,0.0617511) (0,0); (-0.364441,0.0609084) (0,0)
(-0.364575,0.0604561) (0,0); (-0.364316,0.060139) (0,0); (-0.362894,0.0603052) (0,0); (-0.360974,0.0608772) (0,0)
(-0.359631,0.0612982) (0,0); (-0.356533,0.062359) (0,0); (-0.351271,0.0641844) (0,0); (-0.346302,0.0659215) (0,0)
(-0.343301,0.0669483) (0,0); (-0.337026,0.0690863) (0,0); (-0.327518,0.072209) (0,0); (-0.31922,0.0748578) (0,0)
(-0.314431,0.0763347) (0,0); (-0.304758,0.0792567) (0,0); (-0.290795,0.0832563) (0,0); (-0.279064,0.0864653) (0,0)
(-0.272456,0.0881939) (0,0); (-0.259375,0.0915069) (0,0); (-0.241042,0.0958339) (0,0); (-0.22602,0.0991538) (0,0)
(-0.217701,0.100887) (0,0); (-0.201463,0.104109) (0,0); (-0.179199,0.108112) (0,0); (-0.161309,0.111026) (0,0)
(-0.151531,0.112485) (0,0); (-0.132672,0.115087) (0,0); (-0.10728,0.118074) (0,0); (-0.0872168,0.120051) (0,0)
(-0.0763785,0.120959) (0,0); (-0.0556942,0.122422) (0,0); (-0.0283013,0.123743) (0,0); (-0.00699517,0.124305) (0,0)
(-0.242845,0.0264631) (0,0); (-0.248905,-0.0146229) (0,0); (-0.256313,-0.0671754) (0,0); (-0.261611,-0.106647) (0,0)
(-0.264401,-0.12731) (0,0); (-0.269472,-0.165471) (0,0); (-0.27614,-0.213774) (0,0); (-0.281289,-0.249657) (0,0)
(-0.284147,-0.268308) (0,0); (-0.289624,-0.302484) (0,0); (-0.29734,-0.345254) (0,0); (-0.30369,-0.376638) (0,0)
(-0.307315,-0.392821) (0,0); (-0.314489,-0.422213) (0,0); (-0.324853,-0.458517) (0,0); (-0.333567,-0.484777) (0,0)
(-0.338548,-0.49819) (0,0); (-0.34847,-0.522291) (0,0); (-0.362722,-0.55159) (0,0); (-0.374645,-0.572401) (0,0)
(-0.381387,-0.582905) (0,0); (-0.394741,-0.601513) (0,0); (-0.413593,-0.623654) (0,0); (-0.429136,-0.638986) (0,0)
(-0.437803,-0.64659) (0,0); (-0.454801,-0.659778) (0,0); (-0.478329,-0.674938) (0,0); (-0.497399,-0.684988) (0,0)
(-0.507907,-0.689799) (0,0); (-0.528238,-0.697829) (0,0); (-0.555985,-0.706304) (0,0); (-0.578187,-0.711266) (0,0)
(-0.590546,-0.71325) (0,0); (-0.613686,-0.716514) (0,0); (-0.644356,-0.719486) (0,0); (-0.668232,-0.72078) (0,0)
(-0.681046,-0.721131) (0,0); (-0.705288,-0.721146) (0,0); (-0.736922,-0.720068) (0,0); (-0.761173,-0.718399) (0,0)
(-0.773966,-0.717272) (0,0); (-0.797864,-0.714648) (0,0); (-0.828316,-0.710473) (0,0); (-0.851096,-0.706697) (0,0)
(-0.862896,-0.704552) (0,0); (-0.884542,-0.700205) (0,0); (-0.911296,-0.694169) (0,0); (-0.930663,-0.689263) (0,0)
(-0.940447,-0.686622) (0,0); (-0.957928,-0.681544) (0,0); (-0.978567,-0.674936) (0,0); (-0.992725,-0.669884) (0,0)
(-0.999574,-0.667263) (0,0); (-1.01122,-0.662414) (0,0); (-1.02372,-0.656447) (0,0); (-1.03125,-0.652151) (0,0)
(-1.03446,-0.650014) (0,0); (-1.03904,-0.646241) (0,0); (-1.04204,-0.641955) (0,0); (-1.04205,-0.639157) (0,0)
(-1.04123,-0.637878) (0,0); (-1.03814,-0.635842) (0,0); (-1.03109,-0.634005) (0,0); (-1.02339,-0.633224) (0,0)
(-1.0185,-0.633049) (0,0); (-1.00781,-0.633161) (0,0); (-0.991099,-0.634193) (0,0); (-0.976182,-0.635663) (0,0)
(-0.967566,-0.636683) (0,0); (-0.950051,-0.639051) (0,0); (-0.924947,-0.642966) (0,0); (-0.903979,-0.646598) (0,0)
(-0.892315,-0.648728) (0,0); (-0.869375,-0.653127) (0,0); (-0.83789,-0.659496) (0,0); (-0.812566,-0.66486) (0,0)
(-0.798796,-0.667836) (0,0); (-0.772287,-0.673701) (0,0); (-0.736956,-0.681663) (0,0); (-0.709307,-0.688003) (0,0)
(-0.694527,-0.691392) (0,0); (-0.66655,-0.69785) (0,0); (-0.630139,-0.706166) (0,0); (-0.6023,-0.712456) (0,0)
(-0.587636,-0.71569) (0,0); (-0.560301,-0.72163) (0,0); (-0.525487,-0.728791) (0,0); (-0.499456,-0.733828) (0,0)
(-0.485937,-0.736262) (0,0); (-0.46112,-0.740448) (0,0); (-0.430186,-0.744842) (0,0); (-0.407586,-0.747393) (0,0)
(-0.395994,-0.748386) (0,0); (-0.375115,-0.749621) (0,0); (-0.349524,-0.749793) (0,0); (-0.331175,-0.748821) (0,0)
(-0.321612,-0.747913) (0,0); (-0.305271,-0.745076) (0,0); (-0.286101,-0.739206) (0,0); (-0.273055,-0.733044) (0,0)
(-0.266611,-0.729144) (0,0); (-0.255579,-0.720689) (0,0); (-0.243091,-0.707318) (0,0); (-0.234982,-0.695277) (0,0)
(-0.231136,-0.6882) (0,0); (-0.224864,-0.673698) (0,0); (-0.218327,-0.652338) (0,0); (-0.214577,-0.634096) (0,0)
(-0.212959,-0.623713) (0,0); (-0.21071,-0.602978) (0,0); (-0.20903,-0.573531) (0,0); (-0.208704,-0.549127) (0,0)
(-0.208786,-0.535503) (0,0); (-0.209509,-0.508735) (0,0); (-0.211233,-0.471626) (0,0); (-0.213153,-0.441509) (0,0)
(-0.214294,-0.424925) (0,0); (-0.216755,-0.392735) (0,0); (-0.220244,-0.348904) (0,0); (-0.223132,-0.313907) (0,0)
(-0.224655,-0.29484) (0,0); (-0.227575,-0.258195) (0,0); (-0.231181,-0.209016) (0,0); (-0.233788,-0.170275) (0,0)
(-0.235039,-0.149354) (0,0); (-0.237206,-0.109482) (0,0); (-0.239398,-0.0566215) (0,0); (-0.24059,-0.0154651) (0,0)
(-0.226436,-0.0636145) (0,0); (-0.216875,-0.102369) (0,0); (-0.204015,-0.15144) (0,0); (-0.193861,-0.187907) (0,0)
(-0.188503,-0.20685) (0,0); (-0.178389,-0.241555) (0,0); (-0.165655,-0.284927) (0,0); (-0.156249,-0.316704) (0,0)
(-0.151517,-0.333061) (0,0); (-0.143012,-0.362722) (0,0); (-0.133189,-0.399239) (0,0); (-0.126637,-0.425557) (0,0)
(-0.12363,-0.438961) (0,0); (-0.118762,-0.462969) (0,0); (-0.114385,-0.492008) (0,0); (-0.112541,-0.512514) (0,0)
(-0.112201,-0.522825) (0,0); (-0.112673,-0.541004) (0,0); (-0.115772,-0.562505) (0,0); (-0.120052,-0.577283) (0,0)
(-0.123071,-0.584588) (0,0); (-0.130071,-0.597187) (0,0); (-0.141955,-0.611619) (0,0); (-0.153171,-0.621142) (0,0)
(-0.159908,-0.625725) (0,0); (-0.173977,-0.633348) (0,0); (-0.195075,-0.641596) (0,0); (-0.213347,-0.646617) (0,0)
(-0.223809,-0.648891) (0,0); (-0.244774,-0.652359) (0,0); (-0.274722,-0.655491) (0,0); (-0.299663,-0.656825) (0,0)
(-0.313825,-0.657159) (0,0); (-0.341052,-0.657424) (0,0); (-0.378299,-0.657101) (0,0); (-0.408167,-0.656341) (0,0)
(-0.424486,-0.655807) (0,0); (-0.455919,-0.654513) (0,0); (-0.498035,-0.652475) (0,0); (-0.531161,-0.650645) (0,0)
(-0.548951,-0.649638) (0,0); (-0.582758,-0.647626) (0,0); (-0.62705,-0.64498) (0,0); (-0.661139,-0.642934) (0,0)
(-0.679174,-0.641891) (0,0); (-0.712952,-0.639973) (0,0); (-0.756232,-0.637712) (0,0); (-0.788798,-0.636165) (0,0)
(-0.805763,-0.635444) (0,0); (-0.837036,-0.634251) (0,0); (-0.876137,-0.633113) (0,0); (-0.904801,-0.632561) (0,0)
(-0.919464,-0.6324) (0,0); (-0.94597,-0.632333) (0,0); (-0.978099,-0.632743) (0,0); (-1.00084,-0.633439) (0,0)
(-1.01219,-0.633948) (0,0); (-1.03211,-0.635163) (0,0); (-1.05513,-0.637237) (0,0); (-1.07049,-0.639202) (0,0)
(-1.07781,-0.64037) (0,0); (-1.08996,-0.642803) (0,0); (-1.1026,-0.646382) (0,0); (-1.10981,-0.649435) (0,0)
(-1.11277,-0.651148) (0,0); (-1.11667,-0.654549) (0,0); (-1.11858,-0.659247) (0,0); (-1.11761,-0.663046) (0,0)
(-1.11627,-0.665108) (0,0); (-1.11217,-0.669081) (0,0); (-1.10395,-0.674334) (0,0); (-1.09545,-0.678413) (0,0)
(-1.09022,-0.680564) (0,0); (-1.07902,-0.684603) (0,0); (-1.06206,-0.689715) (0,0); (-1.04726,-0.693513) (0,0)
(-1.03884,-0.695448) (0,0); (-1.02196,-0.698961) (0,0); (-0.998232,-0.703138) (0,0); (-0.97875,-0.706026) (0,0)
(-0.968041,-0.707406) (0,0); (-0.947195,-0.709746) (0,0); (-0.91902,-0.712127) (0,0); (-0.896677,-0.713437) (0,0)
(-0.884637,-0.713904) (0,0); (-0.861664,-0.714393) (0,0); (-0.831405,-0.7141) (0,0); (-0.807995,-0.71316) (0,0)
(-0.795559,-0.712361) (0,0); (-0.772186,-0.710345) (0,0); (-0.74199,-0.706557) (0,0); (-0.719077,-0.702767) (0,0)
(-0.707015,-0.700412) (0,0); (-0.684669,-0.695344) (0,0); (-0.656089,-0.68751) (0,0); (-0.634624,-0.680569) (0,0)
(-0.62315,-0.676676) (0,0); (-0.602591,-0.668161) (0,0); (-0.576829,-0.65521) (0,0); (-0.557897,-0.643874) (0,0)
(-0.548053,-0.637365) (0,0); (-0.530111,-0.624232) (0,0); (-0.507686,-0.605316) (0,0); (-0.491253,-0.589455) (0,0)
(-0.482754,-0.580517) (0,0); (-0.467305,-0.562834) (0,0); (-0.448048,-0.537987) (0,0); (-0.433977,-0.517583) (0,0)
(-0.42669,-0.506237) (0,0); (-0.413452,-0.484045) (0,0); (-0.396875,-0.453393) (0,0); (-0.384703,-0.4286) (0,0)
(-0.378355,-0.414954) (0,0); (-0.366759,-0.3885) (0,0); (-0.352043,-0.352464) (0,0); (-0.34108,-0.323678) (0,0)
(-0.335293,-0.307969) (0,0); (-0.324595,-0.277752) (0,0); (-0.310738,-0.237072) (0,0); (-0.300195,-0.204933) (0,0)
(-0.294546,-0.187525) (0,0); (-0.283947,-0.15427) (0,0); (-0.269916,-0.109967) (0,0); (-0.259008,-0.0753114) (0,0)
(-0.253088,-0.0566644) (0,0); (-0.24183,-0.0212666) (0,0); (-0.226671,0.0254512) (0,0); (-0.214693,0.0616667) (0,0)
(-0.0977982,-0.254715) (0,0); (-0.0544978,-0.272336) (0,0); (0.00185342,-0.292851) (0,0); (0.0449336,-0.306676) (0,0)
(0.0675731,-0.313321) (0,0); (0.109737,-0.324476) (0,0); (0.163134,-0.336342) (0,0); (0.202823,-0.343377) (0,0)
(0.22328,-0.346382) (0,0); (0.260613,-0.350631) (0,0); (0.306398,-0.353468) (0,0); (0.339249,-0.353568) (0,0)
(0.355752,-0.352907) (0,0); (0.385031,-0.350295) (0,0); (0.419268,-0.344337) (0,0); (0.44247,-0.337815) (0,0)
(0.45361,-0.333695) (0,0); (0.472345,-0.3247) (0,0); (0.492134,-0.310715) (0,0); (0.503734,-0.29827) (0,0)
(0.508575,-0.291099) (0,0); (0.515202,-0.276551) (0,0); (0.518903,-0.25573) (0,0); (0.517952,-0.238361) (0,0)
(0.516103,-0.228692) (0,0); (0.510096,-0.209682) (0,0); (0.497438,-0.183525) (0,0); (0.484043,-0.162439) (0,0)
(0.475669,-0.150941) (0,0); (0.457554,-0.128734) (0,0); (0.42959,-0.0990066) (0,0); (0.404841,-0.0756451) (0,0)
(0.390564,-0.0632123) (0,0); (0.361886,-0.0392239) (0,0); (0.321243,-0.00755289) (0,0); (0.287619,0.0170071) (0,0)
(0.269004,0.0300656) (0,0); (0.232576,0.0546579) (0,0); (0.18292,0.0865405) (0,0); (0.143232,0.110821) (0,0)
(0.121747,0.123616) (0,0); (0.080549,0.147446) (0,0); (0.0260193,0.177876) (0,0); (-0.0163712,0.20069) (0,0)
(-0.0389083,0.212588) (0,0); (-0.0813676,0.234507) (0,0); (-0.13612,0.262022) (0,0); (-0.177592,0.282283) (0,0)
(-0.199257,0.292713) (0,0); (-0.239352,0.311668) (0,0); (-0.28966,0.334936) (0,0); (-0.326682,0.351648) (0,0)
(-0.345635,0.36009) (0,0); (-0.379965,0.375126) (0,0); (-0.421576,0.392938) (0,0); (-0.45103,0.405205) (0,0)
(-0.465681,0.411193) (0,0); (-0.491377,0.421457) (0,0); (-0.520838,0.432746) (0,0); (-0.540303,0.439788) (0,0)
(-0.549456,0.442922) (0,0); (-0.564439,0.447686) (0,0); (-0.579411,0.451566) (0,0); (-0.587379,0.452749) (0,0)
(-0.590342,0.452712) (0,0); (-0.593514,0.451416) (0,0); (-0.592985,0.447239) (0,0); (-0.589003,0.44213) (0,0)
(-0.585654,0.438718) (0,0); (-0.577005,0.431029) (0,0); (-0.561392,0.418469) (0,0); (-0.54611,0.406906) (0,0)
(-0.536909,0.400069) (0,0); (-0.517521,0.385951) (0,0); (-0.488642,0.365108) (0,0); (-0.46376,0.347276) (0,0)
(-0.449713,0.337156) (0,0); (-0.421672,0.316957) (0,0); (-0.382581,0.288452) (0,0); (-0.350701,0.264956) (0,0)
(-0.333267,0.251927) (0,0); (-0.29947,0.226436) (0,0); (-0.254184,0.191485) (0,0); (-0.218564,0.1634) (0,0)
(-0.199521,0.148084) (0,0); (-0.163406,0.118567) (0,0); (-0.116519,0.079006) (0,0); (-0.0807616,0.0478799) (0,0)
(-0.0620318,0.0311495) (0,0); (-0.0272387,-0.000665714) (0,0); (0.0165452,-0.0424236) (0,0); (0.0488683,-0.0746188) (0,0)
(0.0654309,-0.0916713) (0,0); (0.0954527,-0.123674) (0,0); (0.131895,-0.164721) (0,0); (0.157737,-0.19564) (0,0)
(0.170676,-0.211657) (0,0); (0.193095,-0.2413) (0,0); (0.218498,-0.278303) (0,0); (0.235018,-0.305381) (0,0)
(0.242682,-0.31916) (0,0); (0.25499,-0.343996) (0,0); (0.266743,-0.373752) (0,0); (0.272452,-0.394529) (0,0)
(0.27429,-0.404724) (0,0); (0.27549,-0.422358) (0,0); (0.272693,-0.441921) (0,0); (0.267207,-0.454277) (0,0)
(0.26315,-0.459807) (0,0); (0.253334,-0.468313) (0,0); (0.236574,-0.47541) (0,0); (0.220699,-0.477785) (0,0)
(0.211301,-0.477902) (0,0); (0.191746,-0.476009) (0,0); (0.163125,-0.469303) (0,0); (0.138806,-0.460915) (0,0)
(0.125209,-0.4553) (0,0); (0.0982734,-0.442586) (0,0); (0.0612212,-0.421895) (0,0); (0.0313594,-0.402892) (0,0)
(0.0151848,-0.391727) (0,0); (-0.0159254,-0.368732) (0,0); (-0.0569953,-0.335145) (0,0); (-0.0888409,-0.306656) (0,0)
(-0.105662,-0.290646) (0,0); (-0.137228,-0.258884) (0,0); (-0.177386,-0.214734) (0,0); (-0.207378,-0.178819) (0,0)
(0.324983,0.00540729) (0,0); (0.324857,0.0615355) (0,0); (0.321179,0.134151) (0,0); (0.315667,0.189334) (0,0)
(0.311775,0.218167) (0,0); (0.302657,0.271591) (0,0); (0.28737,0.338559) (0,0); (0.273054,0.38779) (0,0)
(0.264583,0.412935) (0,0); (0.24701,0.458396) (0,0); (0.221228,0.513243) (0,0); (0.19928,0.551855) (0,0)
(0.186955,0.570972) (0,0); (0.162486,0.604317) (0,0); (0.128575,0.642216) (0,0); (0.101062,0.666964) (0,0)
(0.0860532,0.67851) (0,0); (0.0570367,0.697178) (0,0); (0.0182726,0.715493) (0,0); (-0.0121321,0.7249) (0,0)
(-0.0283656,0.728291) (0,0); (-0.059104,0.731553) (0,0); (-0.0989498,0.730061) (0,0); (-0.129291,0.724512) (0,0)
(-0.145174,0.720136) (0,0); (-0.174658,0.709091) (0,0); (-0.211733,0.689867) (0,0); (-0.239082,0.671444) (0,0)
(-0.253071,0.660572) (0,0); (-0.278463,0.637884) (0,0); (-0.309109,0.604954) (0,0); (-0.330696,0.577165) (0,0)
(-0.341211,0.561865) (0,0); (-0.360105,0.531476) (0,0); (-0.381941,0.490145) (0,0); (-0.396521,0.457177) (0,0)
(-0.403382,0.439488) (0,0); (-0.414692,0.405726) (0,0); (-0.426112,0.361689) (0,0); (-0.432307,0.327948) (0,0)
(-0.434674,0.310252) (0,0); (-0.437373,0.277312) (0,0); (-0.437513,0.23577) (0,0); (-0.435028,0.205031) (0,0)
(-0.432825,0.189253) (0,0); (-0.426983,0.160586) (0,0); (-0.416276,0.125636) (0,0); (-0.405706,0.100726) (0,0)
(-0.399329,0.0882379) (0,0); (-0.385859,0.0661862) (0,0); (-0.365779,0.0403627) (0,0); (-0.348468,0.0228296) (0,0)
(-0.3387,0.0143064) (0,0); (-0.319204,-0.000141883) (0,0); (-0.292054,-0.0160894) (0,0); (-0.269933,-0.0260869) (0,0)
(-0.257846,-0.0307003) (0,0); (-0.234433,-0.0379217) (0,0); (-0.2031,-0.0449612) (0,0); (-0.178481,-0.0485307) (0,0)
(-0.165329,-0.0499315) (0,0); (-0.140403,-0.0514613) (0,0); (-0.108067,-0.0519345) (0,0); (-0.0834231,-0.0511302) (0,0)
(-0.0705169,-0.0504728) (0,0); (-0.0465494,-0.0486224) (0,0); (-0.0163862,-0.0456993) (0,0); (0.00588333,-0.0430688) (0,0)
(0.0172938,-0.0417154) (0,0); (0.037997,-0.0390874) (0,0); (0.0631093,-0.036118) (0,0); (0.0809006,-0.0341944) (0,0)
(0.0897442,-0.0334474) (0,0); (0.105254,-0.0324299) (0,0); (0.123003,-0.0323049) (0,0); (0.134701,-0.0331308) (0,0)
(0.140185,-0.03399) (0,0); (0.149128,-0.0363169) (0,0); (0.157984,-0.040941) (0,0); (0.162617,-0.0457023) (0,0)
(0.164301,-0.0486868) (0,0); (0.165992,-0.0551325) (0,0); (0.165355,-0.0650948) (0,0); (0.162686,-0.0739202) (0,0)
(0.160527,-0.0789825) (0,0); (0.155038,-0.089238) (0,0); (0.145301,-0.103728) (0,0); (0.135864,-0.115683) (0,0)
(0.130223,-0.122227) (0,0); (0.118386,-0.134974) (0,0); (0.100913,-0.151949) (0,0); (0.0859655,-0.165225) (0,0)
(0.077588,-0.172223) (0,0); (0.0609274,-0.18539) (0,0); (0.0379751,-0.201972) (0,0); (0.0194521,-0.214225) (0,0)
(0.00948971,-0.220399) (0,0); (-0.00982753,-0.231522) (0,0); (-0.0354197,-0.244444) (0,0); (-0.0553326,-0.253129) (0,0)
(-0.0658522,-0.257158) (0,0); (-0.085623,-0.26375) (0,0); (-0.110785,-0.269947) (0,0); (-0.129586,-0.272852) (0,0)
(-0.139253,-0.273638) (0,0); (-0.15691,-0.273769) (0,0); (-0.178381,-0.271048) (0,0); (-0.193635,-0.266746) (0,0)
(-0.201184,-0.263632) (0,0); (-0.214406,-0.256258) (0,0); (-0.229315,-0.243674) (0,0); (-0.238948,-0.23176) (0,0)
(-0.243334,-0.224655) (0,0); (-0.250257,-0.209829) (0,0); (-0.256425,-0.187911) (0,0); (-0.258958,-0.169139) (0,0)
(-0.259474,-0.158565) (0,0); (-0.258917,-0.137505) (0,0); (-0.255126,-0.108263) (0,0); (-0.249872,-0.0844981) (0,0)
(-0.246252,-0.0715516) (0,0); (-0.237887,-0.0465164) (0,0); (-0.224076,-0.0132227) (0,0); (-0.211271,0.0127777) (0,0)
(-0.203742,0.0265667) (0,0); (-0.188188,0.0525596) (0,0); (-0.165538,0.0857986) (0,0); (-0.146371,0.110757) (0,0)
(-0.259396,0.0597061) (0,0); (-0.270368,0.0155421) (0,0); (-0.282092,-0.041386) (0,0); (-0.289091,-0.0844868) (0,0)
(-0.29213,-0.106963) (0,0); (-0.296512,-0.148515) (0,0); (-0.299762,-0.200454) (0,0); (-0.300363,-0.238519) (0,0)
(-0.300063,-0.257924) (0,0); (-0.298276,-0.292933) (0,0); (-0.293784,-0.335009) (0,0); (-0.288686,-0.3645) (0,0)
(-0.285457,-0.379038) (0,0); (-0.278357,-0.40429) (0,0); (-0.267362,-0.43268) (0,0); (-0.257607,-0.450948) (0,0)
(-0.252027,-0.459326) (0,0); (-0.240749,-0.472598) (0,0); (-0.224788,-0.484849) (0,0); (-0.2116,-0.490357) (0,0)
(-0.204325,-0.491886) (0,0); (-0.190119,-0.492121) (0,0); (-0.170824,-0.487333) (0,0); (-0.155452,-0.479758) (0,0)
(-0.147139,-0.474395) (0,0); (-0.131227,-0.46176) (0,0); (-0.110145,-0.440611) (0,0); (-0.0937407,-0.420828) (0,0)
(-0.0849928,-0.409152) (0,0); (-0.0684601,-0.38497) (0,0); (-0.0469944,-0.349577) (0,0); (-0.0306226,-0.319504) (0,0)
(-0.022085,-0.302594) (0,0); (-0.00585476,-0.269203) (0,0); (0.0150835,-0.223129) (0,0); (0.0309494,-0.185895) (0,0)
(0.0392692,-0.165602) (0,0); (0.0547063,-0.126437) (0,0); (0.0743575,-0.0741576) (0,0); (0.0890438,-0.0331843) (0,0)
(0.0967123,-0.0112992) (0,0); (0.11083,0.0301375) (0,0); (0.128644,0.0839149) (0,0); (0.141834,0.124913) (0,0)
(0.148681,0.146412) (0,0); (0.161206,0.186369) (0,0); (0.176852,0.236785) (0,0); (0.18831,0.27411) (0,0)
(0.19421,0.293288) (0,0); (0.204912,0.328175) (0,0); (0.218075,0.370714) (0,0); (0.227552,0.401034) (0,0)
(0.232361,0.416183) (0,0); (0.24096,0.442901) (0,0); (0.251239,0.473798) (0,0); (0.258396,0.49444) (0,0)
(0.261922,0.504228) (0,0); (0.268033,0.520435) (0,0); (0.274878,0.536993) (0,0); (0.279259,0.546168) (0,0)
(0.281247,0.549748) (0,0); (0.284369,0.554052) (0,0); (0.28709,0.554863) (0,0); (0.288139,0.551803) (0,0)
(0.288288,0.548884) (0,0); (0.287839,0.540951) (0,0); (0.285672,0.526005) (0,0); (0.282799,0.511028) (0,0)
(0.280801,0.501892) (0,0); (0.276206,0.482468) (0,0); (0.268441,0.453145) (0,0); (0.261132,0.427619) (0,0)
(0.256731,0.413098) (0,0); (0.247543,0.383945) (0,0); (0.233686,0.342894) (0,0); (0.221633,0.309121) (0,0)
(0.214702,0.290523) (0,0); (0.200734,0.254265) (0,0); (0.180684,0.205182) (0,0); (0.163918,0.166201) (0,0)
(0.15452,0.1452) (0,0); (0.13597,0.105102) (0,0); (0.110167,0.0524091) (0,0); (0.0891628,0.0117346) (0,0)
(0.0776029,-0.00977437) (0,0); (0.0551422,-0.0500934) (0,0); (0.0246563,-0.101637) (0,0); (0.000385211,-0.140329) (0,0)
(-0.0127655,-0.160403) (0,0); (-0.0379652,-0.197298) (0,0); (-0.0714146,-0.243043) (0,0); (-0.0974895,-0.27627) (0,0)
(-0.111392,-0.293117) (0,0); (-0.137692,-0.323286) (0,0); (-0.171728,-0.35923) (0,0); (-0.197601,-0.384159) (0,0)
(-0.210995,-0.396439) (0,0); (-0.236168,-0.417261) (0,0); (-0.268003,-0.439936) (0,0); (-0.291631,-0.453872) (0,0)
(-0.303749,-0.460004) (0,0); (-0.32581,-0.469132) (0,0); (-0.352641,-0.476205) (0,0); (-0.371708,-0.47792) (0,0)
(-0.381188,-0.477505) (0,0); (-0.397845,-0.474225) (0,0); (-0.416862,-0.465146) (0,0); (-0.429357,-0.454509) (0,0)
(-0.435161,-0.447602) (0,0); (-0.444554,-0.432228) (0,0); (-0.453527,-0.407838) (0,0); (-0.457889,-0.385825) (0,0)
(-0.459251,-0.373061) (0,0); (-0.460056,-0.347005) (0,0); (-0.457524,-0.309551) (0,0); (-0.452837,-0.278193) (0,0)
(-0.449351,-0.26075) (0,0); (-0.440954,-0.226423) (0,0); (-0.426429,-0.179372) (0,0); (-0.412559,-0.141577) (0,0)
(-0.404246,-0.121076) (0,0); (-0.386849,-0.0816646) (0,0); (-0.360923,-0.0293917) (0,0); (-0.33858,0.0113259) (0,0)
(-0.325902,0.0329799) (0,0); (-0.300544,0.0738096) (0,0); (-0.26488,0.126447) (0,0); (-0.23557,0.166305) (0,0)
(-0.319102,-0.19969) (0,0); (-0.28591,-0.254826) (0,0); (-0.240706,-0.323478) (0,0); (-0.204605,-0.373578) (0,0)
(-0.185167,-0.399093) (0,0); (-0.147997,-0.445027) (0,0); (-0.0993082,-0.500216) (0,0); (-0.0618441,-0.538883) (0,0)
(-0.042139,-0.557986) (0,0); (-0.00534322,-0.591209) (0,0); (0.041225,-0.628794) (0,0); (0.0758135,-0.653186) (0,0)
(0.0935805,-0.664495) (0,0); (0.125932,-0.682647) (0,0); (0.165318,-0.700042) (0,0); (0.193341,-0.708555) (0,0)
(0.207299,-0.711353) (0,0); (0.231849,-0.713346) (0,0); (0.260061,-0.709637) (0,0); (0.278757,-0.701957) (0,0)
(0.287561,-0.696211) (0,0); (0.302002,-0.682241) (0,0); (0.316509,-0.658157) (0,0); (0.324306,-0.635211) (0,0)
(0.327256,-0.621534) (0,0); (0.330533,-0.592986) (0,0); (0.330466,-0.550756) (0,0); (0.327087,-0.514568) (0,0)
(0.32416,-0.494145) (0,0); (0.31651,-0.45343) (0,0); (0.302582,-0.396571) (0,0); (0.288882,-0.350127) (0,0)
(0.280509,-0.324679) (0,0); (0.263348,-0.275058) (0,0); (0.238213,-0.208046) (0,0); (0.216844,-0.154945) (0,0)
(0.204871,-0.126333) (0,0); (0.181143,-0.0717305) (0,0); (0.148515,0.000199888) (0,0); (0.122228,0.0558595) (0,0)
(0.108011,0.0854131) (0,0); (0.0806927,0.140968) (0,0); (0.0447295,0.212559) (0,0); (0.0169206,0.266747) (0,0)
(0.00226844,0.295093) (0,0); (-0.0251632,0.347575) (0,0); (-0.0599328,0.413637) (0,0); (-0.0857995,0.46242) (0,0)
(-0.099078,0.487497) (0,0); (-0.123263,0.533086) (0,0); (-0.152638,0.588789) (0,0); (-0.173482,0.628586) (0,0)
(-0.183821,0.648544) (0,0); (-0.201941,0.683861) (0,0); (-0.222559,0.725036) (0,0); (-0.236045,0.752836) (0,0)
(-0.242306,0.76615) (0,0); (-0.252403,0.788468) (0,0); (-0.262116,0.811871) (0,0); (-0.266908,0.825427) (0,0)
(-0.268501,0.830995) (0,0); (-0.269683,0.838421) (0,0); (-0.267773,0.841953) (0,0); (-0.263664,0.839942) (0,0)
(-0.260596,0.837172) (0,0); (-0.253112,0.82879) (0,0); (-0.240333,0.811677) (0,0); (-0.228228,0.793827) (0,0)
(-0.221092,0.782693) (0,0); (-0.206262,0.758675) (0,0); (-0.184704,0.721586) (0,0); (-0.166487,0.68875) (0,0)
(-0.156367,0.669829) (0,0); (-0.136401,0.631488) (0,0); (-0.109208,0.57658) (0,0); (-0.0874877,0.530754) (0,0)
(-0.0758208,0.505225) (0,0); (-0.0535311,0.454999) (0,0); (-0.0244978,0.385866) (0,0); (-0.00228253,0.330119) (0,0)
(0.00931972,0.29972) (0,0); (0.0308683,0.241072) (0,0); (0.0577579,0.162576) (0,0); (0.0774283,0.100897) (0,0)
(0.0873773,0.0678285) (0,0); (0.105236,0.00504886) (0,0); (0.126293,-0.0769807) (0,0); (0.140714,-0.139944) (0,0)
(0.147638,-0.173169) (0,0); (0.159333,-0.235264) (0,0); (0.171629,-0.314458) (0,0); (0.178781,-0.37376) (0,0)
(0.181724,-0.404509) (0,0); (0.185594,-0.460978) (0,0); (0.187503,-0.530958) (0,0); (0.186558,-0.581761) (0,0)
(0.185444,-0.607434) (0,0); (0.181093,-0.653428) (0,0); (0.171933,-0.707938) (0,0); (0.162241,-0.745503) (0,0)
(0.156256,-0.763753) (0,0); (0.143322,-0.794941) (0,0); (0.123564,-0.828845) (0,0); (0.106212,-0.849628) (0,0)
(0.0963168,-0.858694) (0,0); (0.07638,-0.87207) (0,0); (0.0482838,-0.882009) (0,0); (0.0251519,-0.883867) (0,0)
(0.012441,-0.882763) (0,0); (-0.012326,-0.876781) (0,0); (-0.0456888,-0.861365) (0,0); (-0.0720634,-0.843714) (0,0)
(-0.0861896,-0.832312) (0,0); (-0.113051,-0.807061) (0,0); (-0.147973,-0.767074) (0,0); (-0.174644,-0.731029) (0,0)
(-0.188601,-0.710102) (0,0); (-0.214532,-0.667377) (0,0); (-0.247056,-0.605801) (0,0); (-0.270982,-0.554137) (0,0)
(-0.28317,-0.525322) (0,0); (-0.305184,-0.468513) (0,0); (-0.331532,-0.390315) (0,0); (-0.349906,-0.327254) (0,0)
(-0.358882,-0.292922) (0,0); (-0.374354,-0.226734) (0,0); (-0.391328,-0.138433) (0,0); (-0.401875,-0.0692652) (0,0)
(-0.0597061,-0.259396) (0,0); (-0.0155421,-0.270368) (0,0); (0.041386,-0.282092) (0,0); (0.0844868,-0.289091) (0,0)
(0.106963,-0.29213) (0,0); (0.148515,-0.296512) (0,0); (0.200454,-0.299762) (0,0); (0.238519,-0.300363) (0,0)
(0.257924,-0.300063) (0,0); (0.292933,-0.298276) (0,0); (0.335009,-0.293784) (0,0); (0.3645,-0.288686) (0,0)
(0.379038,-0.285457) (0,0); (0.40429,-0.278357) (0,0); (0.43268,-0.267362) (0,0); (0.450948,-0.257607) (0,0)
(0.459326,-0.252027) (0,0); (0.472598,-0.240749) (0,0); (0.484849,-0.224788) (0,0); (0.490357,-0.2116) (0,0)
(0.491886,-0.204325) (0,0); (0.492121,-0.190119) (0,0); (0.487333,-0.170824) (0,0); (0.479758,-0.155452) (0,0)
(0.474395,-0.147139) (0,0); (0.46176,-0.131227) (0,0); (0.440611,-0.110145) (0,0); (0.420828,-0.0937407) (0,0)
(0.409152,-0.0849928) (0,0); (0.38497,-0.0684601) (0,0); (0.349577,-0.0469944) (0,0); (0.319504,-0.0306226) (0,0)
(0.302594,-0.022085) (0,0); (0.269203,-0.00585476) (0,0); (0.223129,0.0150835) (0,0); (0.185895,0.0309494) (0,0)
(0.165602,0.0392692) (0,0); (0.126437,0.0547063) (0,0); (0.0741576,0.0743575) (0,0); (0.0331843,0.0890438) (0,0)
(0.0112992,0.0967123) (0,0); (-0.0301375,0.11083) (0,0); (-0.0839149,0.128644) (0,0); (-0.124913,0.141834) (0,0)
(-0.146412,0.148681) (0,0); (-0.186369,0.161206) (0,0); (-0.236785,0.176852) (0,0); (-0.27411,0.18831) (0,0)
(-0.293288,0.19421) (0,0); (-0.328175,0.204912) (0,0); (-0.370714,0.218075) (0,0); (-0.401034,0.227552) (0,0)
(-0.416183,0.232361) (0,0); (-0.442901,0.24096) (0,0); (-0.473798,0.251239) (0,0); (-0.49444,0.258396) (0,0)
(-0.504228,0.261922) (0,0); (-0.520435,0.268033) (0,0); (-0.536993,0.274878) (0,0); (-0.546168,0.279259) (0,0)
(-0.549748,0.281247) (0,0); (-0.554052,0.284369) (0,0); (-0.554863,0.28709) (0,0); (-0.551803,0.288139) (0,0)
(-0.548884,0.288288) (0,0); (-0.540951,0.287839) (0,0); (-0.526005,0.285672) (0,0); (-0.511028,0.282799) (0,0)
(-0.501892,0.280801) (0,0); (-0.482468,0.276206) (0,0); (-0.453145,0.268441) (0,0); (-0.427619,0.261132) (0,0)
(-0.413098,0.256731) (0,0); (-0.383945,0.247543) (0,0); (-0.342894,0.233686) (0,0); (-0.309121,0.221633) (0,0)
(-0.290523,0.214702) (0,0); (-0.254265,0.200734) (0,0); (-0.205182,0.180684) (0,0); (-0.166201,0.163918) (0,0)
(-0.1452,0.15452) (0,0); (-0.105102,0.13597) (0,0); (-0.0524091,0.110167) (0,0); (-0.0117346,0.0891628) (0,0)
(0.00977437,0.0776029) (0,0); (0.0500934,0.0551422) (0,0); (0.101637,0.0246563) (0,0); (0.140329,0.000385211) (0,0)
(0.160403,-0.0127655) (0,0); (0.197298,-0.0379652) (0,0); (0.243043,-0.0714146) (0,0); (0.27627,-0.0974895) (0,0)
(0.293117,-0.111392) (0,0); (0.323286,-0.137692) (0,0); (0.35923,-0.171728) (0,0); (0.384159,-0.197601) (0,0)
(0.396439,-0.210995) (0,0); (0.417261,-0.236168) (0,0); (0.439936,-0.268003) (0,0); (0.453872,-0.291631) (0,0)
(0.460004,-0.303749) (0,0); (0.469132,-0.32581) (0,0); (0.476205,-0.352641) (0,0); (0.47792,-0.371708) (0,0)
(0.477505,-0.381188) (0,0); (0.474225,-0.397845) (0,0); (0.465146,-0.416862) (0,0); (0.454509,-0.429357) (0,0)
(0.447602,-0.435161) (0,0); (0.432228,-0.444554) (0,0); (0.407838,-0.453527) (0,0); (0.385825,-0.457889) (0,0)
(0.373061,-0.459251) (0,0); (0.347005,-0.460056) (0,0); (0.309551,-0.457524) (0,0); (0.278193,-0.452837) (0,0)
(0.26075,-0.449351) (0,0); (0.226423,-0.440954) (0,0); (0.179372,-0.426429) (0,0); (0.141577,-0.412559) (0,0)
(0.121076,-0.404246) (0,0); (0.0816646,-0.386849) (0,0); (0.0293917,-0.360923) (0,0); (-0.0113259,-0.33858) (0,0)
(-0.0329799,-0.325902) (0,0); (-0.0738096,-0.300544) (0,0); (-0.126447,-0.26488) (0,0); (-0.166305,-0.23557) (0,0)
(0.241414,0.211782) (0,0); (0.205878,0.25489) (0,0); (0.157525,0.310407) (0,0); (0.118938,0.352399) (0,0)
(0.0978887,0.374338) (0,0); (0.057404,0.414912) (0,0); (0.00297607,0.46588) (0,0); (-0.0399715,0.503433) (0,0)
(-0.0631815,0.522716) (0,0); (-0.107469,0.557706) (0,0); (-0.166174,0.600447) (0,0); (-0.211875,0.630975) (0,0)
(-0.236321,0.646336) (0,0); (-0.282534,0.673548) (0,0); (-0.342851,0.705645) (0,0); (-0.389096,0.727633) (0,0)
(-0.413562,0.738399) (0,0); (-0.459326,0.756816) (0,0); (-0.518047,0.777439) (0,0); (-0.562297,0.790634) (0,0)
(-0.58542,0.796805) (0,0); (-0.628139,0.806683) (0,0); (-0.681879,0.816637) (0,0); (-0.721538,0.822018) (0,0)
(-0.741951,0.824229) (0,0); (-0.77908,0.826987) (0,0); (-0.824599,0.828501) (0,0); (-0.857245,0.828063) (0,0)
(-0.873678,0.827482) (0,0); (-0.902915,0.825421) (0,0); (-0.937237,0.821916) (0,0); (-0.96061,0.818605) (0,0)
(-0.971711,0.817181) (0,0); (-0.991279,0.813441) (0,0); (-1.0132,0.808467) (0,0); (-1.02723,0.804583) (0,0)
(-1.03362,0.802749) (0,0); (-1.04367,0.799476) (0,0); (-1.05286,0.796158) (0,0); (-1.05691,0.794345) (0,0)
(-1.05802,0.793749) (0,0); (-1.05811,0.793238) (0,0); (-1.05452,0.794006) (0,0); (-1.04892,0.795692) (0,0)
(-1.04502,0.797009) (0,0); (-1.03587,0.800259) (0,0); (-1.02077,0.805954) (0,0); (-1.00677,0.811432) (0,0)
(-0.998592,0.814687) (0,0); (-0.981731,0.821506) (0,0); (-0.957361,0.83141) (0,0); (-0.936866,0.839771) (0,0)
(-0.925472,0.844362) (0,0); (-0.903026,0.853386) (0,0); (-0.872331,0.865321) (0,0); (-0.847726,0.874592) (0,0)
(-0.834423,0.879382) (0,0); (-0.808907,0.88829) (0,0); (-0.775251,0.898973) (0,0); (-0.749175,0.90644) (0,0)
(-0.735374,0.909947) (0,0); (-0.709462,0.915855) (0,0); (-0.676318,0.92146) (0,0); (-0.651423,0.924143) (0,0)
(-0.638517,0.9248) (0,0); (-0.6148,0.924772) (0,0); (-0.585444,0.921617) (0,0); (-0.564162,0.91681) (0,0)
(-0.5534,0.913256) (0,0); (-0.534154,0.904846) (0,0); (-0.511365,0.890093) (0,0); (-0.495676,0.875888) (0,0)
(-0.488049,0.867232) (0,0); (-0.475023,0.84898) (0,0); (-0.460819,0.821223) (0,0); (-0.452071,0.796925) (0,0)
(-0.448213,0.782952) (0,0); (-0.442454,0.75473) (0,0); (-0.437887,0.714379) (0,0); (-0.436646,0.680747) (0,0)
(-0.436769,0.66202) (0,0); (-0.438506,0.625186) (0,0); (-0.443537,0.574578) (0,0); (-0.449512,0.533836) (0,0)
(-0.453369,0.511679) (0,0); (-0.461964,0.468997) (0,0); (-0.475431,0.412199) (0,0); (-0.487479,0.367815) (0,0)
(-0.494376,0.344169) (0,0); (-0.508362,0.299495) (0,0); (-0.528061,0.241801) (0,0); (-0.544272,0.198036) (0,0)
(-0.553122,0.175183) (0,0); (-0.570331,0.132932) (0,0); (-0.5932,0.0799922) (0,0); (-0.611047,0.0410904) (0,0)
(-0.620424,0.0210419) (0,0); (-0.637955,-0.0145602) (0,0); (-0.659872,-0.0569074) (0,0); (-0.675939,-0.086219) (0,0)
(-0.684015,-0.10054) (0,0); (-0.698489,-0.125117) (0,0); (-0.715208,-0.15205) (0,0); (-0.726363,-0.16876) (0,0)
(-0.7315,-0.176132) (0,0); (-0.73984,-0.187193) (0,0); (-0.747415,-0.195918) (0,0); (-0.750689,-0.198232) (0,0)
(-0.751349,-0.197898) (0,0); (-0.750725,-0.194311) (0,0); (-0.745678,-0.184036) (0,0); (-0.738564,-0.171871) (0,0)
(-0.733492,-0.163986) (0,0); (-0.721682,-0.1464) (0,0); (-0.701445,-0.11868) (0,0); (-0.682233,-0.0937744) (0,0)
(-0.670629,-0.0794452) (0,0); (-0.646319,-0.0503007) (0,0); (-0.609605,-0.00895342) (0,0); (-0.577637,0.0252832) (0,0)
(-0.559278,0.0440916) (0,0); (-0.522281,0.0808047) (0,0); (-0.46933,0.130099) (0,0); (-0.425157,0.168948) (0,0)
(-0.400471,0.189632) (0,0); (-0.351842,0.228816) (0,0); (-0.284516,0.279153) (0,0); (-0.22994,0.317132) (0,0)
(0.264528,-0.257939) (0,0); (0.309646,-0.21286) (0,0); (0.365028,-0.151671) (0,0); (0.404806,-0.102955) (0,0)
(0.424722,-0.076695) (0,0); (0.459997,-0.0265017) (0,0); (0.500905,0.0394506) (0,0); (0.528337,0.0903553) (0,0)
(0.541351,0.117245) (0,0); (0.562938,0.167616) (0,0); (0.585043,0.231869) (0,0); (0.597341,0.27999) (0,0)
(0.602178,0.304901) (0,0); (0.608062,0.350589) (0,0); (0.609528,0.407026) (0,0); (0.605891,0.447849) (0,0)
(0.602344,0.468477) (0,0); (0.592551,0.505314) (0,0); (0.574201,0.548924) (0,0); (0.555864,0.578936) (0,0)
(0.544792,0.593555) (0,0); (0.521329,0.618543) (0,0); (0.486468,0.645969) (0,0); (0.456493,0.66302) (0,0)
(0.439685,0.670643) (0,0); (0.406235,0.682232) (0,0); (0.360179,0.692032) (0,0); (0.323031,0.695465) (0,0)
(0.30298,0.695896) (0,0); (0.264411,0.69401) (0,0); (0.213905,0.68661) (0,0); (0.175053,0.677153) (0,0)
(0.154899,0.670874) (0,0); (0.116703,0.656906) (0,0); (0.0684098,0.634853) (0,0); (0.0325764,0.615016) (0,0)
(0.0143003,0.603579) (0,0); (-0.0188554,0.58031) (0,0); (-0.0587281,0.547161) (0,0); (-0.086693,0.519618) (0,0)
(-0.100427,0.504402) (0,0); (-0.124223,0.474622) (0,0); (-0.150729,0.434173) (0,0); (-0.167565,0.401951) (0,0)
(-0.175181,0.384564) (0,0); (-0.187014,0.351323) (0,0); (-0.197463,0.307485) (0,0); (-0.201649,0.273529) (0,0)
(-0.202541,0.255489) (0,0); (-0.20165,0.221573) (0,0); (-0.195801,0.177764) (0,0); (-0.187726,0.144528) (0,0)
(-0.182303,0.127067) (0,0); (-0.169838,0.0946576) (0,0); (-0.149893,0.0534321) (0,0); (-0.131785,0.0226475) (0,0)
(-0.121401,0.0066043) (0,0); (-0.100246,-0.0228834) (0,0); (-0.0705224,-0.0599817) (0,0); (-0.0461134,-0.087362) (0,0)
(-0.0328687,-0.101556) (0,0); (-0.0072184,-0.127461) (0,0); (0.0264856,-0.159821) (0,0); (0.0525001,-0.183519) (0,0)
(0.0660638,-0.195768) (0,0); (0.0913149,-0.218026) (0,0); (0.122561,-0.245716) (0,0); (0.145206,-0.265905) (0,0)
(0.156477,-0.276322) (0,0); (0.176448,-0.295205) (0,0); (0.1991,-0.318622) (0,0); (0.213852,-0.335637) (0,0)
(0.220531,-0.34439) (0,0); (0.231074,-0.360216) (0,0); (0.240206,-0.379712) (0,0); (0.243661,-0.393771) (0,0)
(0.244107,-0.400945) (0,0); (0.242427,-0.413822) (0,0); (0.235067,-0.429398) (0,0); (0.225464,-0.440397) (0,0)
(0.218945,-0.44589) (0,0); (0.204037,-0.455551) (0,0); (0.179642,-0.466696) (0,0); (0.157157,-0.474119) (0,0)
(0.143977,-0.477617) (0,0); (0.116814,-0.483386) (0,0); (0.0774119,-0.489092) (0,0); (0.0441765,-0.49207) (0,0)
(0.0256617,-0.493088) (0,0); (-0.0108933,-0.494) (0,0); (-0.0609256,-0.492971) (0,0); (-0.101065,-0.490481) (0,0)
(-0.122714,-0.488493) (0,0); (-0.164256,-0.48355) (0,0); (-0.218665,-0.474622) (0,0); (-0.260528,-0.465879) (0,0)
(-0.282324,-0.460596) (0,0); (-0.32329,-0.449148) (0,0); (-0.374875,-0.431361) (0,0); (-0.412982,-0.415544) (0,0)
(-0.432341,-0.406367) (0,0); (-0.467328,-0.387696) (0,0); (-0.508931,-0.360678) (0,0); (-0.537716,-0.337933) (0,0)
(-0.551619,-0.325167) (0,0); (-0.575322,-0.299901) (0,0); (-0.600548,-0.264781) (0,0); (-0.615514,-0.236213) (0,0)
(-0.62172,-0.220544) (0,0); (-0.630227,-0.190148) (0,0); (-0.634653,-0.149186) (0,0); (-0.632928,-0.116792) (0,0)
(-0.630123,-0.0993746) (0,0); (-0.621349,-0.0661875) (0,0); (-0.603078,-0.0227281) (0,0); (-0.583845,0.0107034) (0,0)
(-0.571833,0.0283235) (0,0); (-0.545849,0.0612657) (0,0); (-0.505857,0.103093) (0,0); (-0.470537,0.134267) (0,0)
(-0.450311,0.15032) (0,0); (-0.409427,0.179632) (0,0); (-0.35155,0.215418) (0,0); (-0.303713,0.240962) (0,0)
(-0.277371,0.253687) (0,0); (-0.22593,0.276104) (0,0); (-0.156485,0.301797) (0,0); (-0.101476,0.318765) (0,0)
(-0.205193,-0.281054) (0,0); (-0.158105,-0.316627) (0,0); (-0.0970499,-0.359175) (0,0); (-0.0505481,-0.388822) (0,0)
(-0.0263104,-0.403528) (0,0); (0.0185833,-0.429095) (0,0); (0.0744756,-0.458479) (0,0); (0.115259,-0.477953) (0,0)
(0.13588,-0.487288) (0,0); (0.172849,-0.502791) (0,0); (0.216465,-0.519348) (0,0); (0.246356,-0.529225) (0,0)
(0.260743,-0.533597) (0,0); (0.285103,-0.540007) (0,0); (0.310909,-0.545353) (0,0); (0.326106,-0.547138) (0,0)
(0.332422,-0.547429) (0,0); (0.34105,-0.546563) (0,0); (0.345686,-0.543324) (0,0); (0.344166,-0.539225) (0,0)
(0.341542,-0.536657) (0,0); (0.33319,-0.530925) (0,0); (0.3158,-0.522379) (0,0); (0.297495,-0.515011) (0,0)
(0.2861,-0.510992) (0,0); (0.261479,-0.503083) (0,0); (0.22371,-0.492746) (0,0); (0.190434,-0.484811) (0,0)
(0.171394,-0.480762) (0,0); (0.133,-0.473316) (0,0); (0.0785986,-0.464531) (0,0); (0.0336011,-0.45851) (0,0)
(0.00859267,-0.455735) (0,0); (-0.0398311,-0.451077) (0,0); (-0.105204,-0.446756) (0,0); (-0.15699,-0.444791) (0,0)
(-0.18487,-0.444341) (0,0); (-0.238022,-0.444502) (0,0); (-0.307725,-0.446971) (0,0); (-0.36142,-0.450595) (0,0)
(-0.389774,-0.453188) (0,0); (-0.44284,-0.459261) (0,0); (-0.510561,-0.469613) (0,0); (-0.561306,-0.479408) (0,0)
(-0.587625,-0.485278) (0,0); (-0.63595,-0.497538) (0,0); (-0.695932,-0.515825) (0,0); (-0.739553,-0.531598) (0,0)
(-0.761739,-0.540562) (0,0); (-0.801583,-0.558509) (0,0); (-0.849446,-0.583796) (0,0); (-0.88297,-0.604612) (0,0)
(-0.899598,-0.616101) (0,0); (-0.928566,-0.63853) (0,0); (-0.961782,-0.669006) (0,0); (-0.98373,-0.693293) (0,0)
(-0.994179,-0.706418) (0,0); (-1.01142,-0.731544) (0,0); (-1.02948,-0.76471) (0,0); (-1.03992,-0.790423) (0,0)
(-1.04437,-0.804061) (0,0); (-1.05053,-0.829704) (0,0); (-1.05479,-0.862624) (0,0); (-1.05516,-0.887443) (0,0)
(-1.0545,-0.900349) (0,0); (-1.05148,-0.924141) (0,0); (-1.04477,-0.953721) (0,0); (-1.03751,-0.975273) (0,0)
(-1.0331,-0.986198) (0,0); (-1.0236,-1.00581) (0,0); (-1.00962,-1.02909) (0,0); (-0.997673,-1.04516) (0,0)
(-0.991091,-1.05297) (0,0); (-0.978123,-1.06631) (0,0); (-0.960729,-1.08074) (0,0); (-0.947035,-1.0895) (0,0)
(-0.939789,-1.09326) (0,0); (-0.926125,-1.0987) (0,0); (-0.90871,-1.10235) (0,0); (-0.895679,-1.10251) (0,0)
(-0.888965,-1.1016) (0,0); (-0.8767,-1.09809) (0,0); (-0.861632,-1.08988) (0,0); (-0.850798,-1.08079) (0,0)
(-0.845319,-1.07496) (0,0); (-0.83557,-1.06216) (0,0); (-0.823879,-1.04194) (0,0); (-0.815708,-1.02373) (0,0)
(-0.811595,-1.01313) (0,0); (-0.804388,-0.991469) (0,0); (-0.795698,-0.960107) (0,0); (-0.789583,-0.933688) (0,0)
(-0.78639,-0.918901) (0,0); (-0.780738,-0.889625) (0,0); (-0.77328,-0.849156) (0,0); (-0.767498,-0.816398) (0,0)
(-0.763962,-0.798696) (0,0); (-0.757878,-0.763813) (0,0); (-0.749328,-0.716359) (0,0); (-0.742307,-0.678501) (0,0)
(-0.738169,-0.658041) (0,0); (-0.729908,-0.618856) (0,0); (-0.717559,-0.566955) (0,0); (-0.706889,-0.52658) (0,0)
(-0.700654,-0.505048) (0,0); (-0.68803,-0.464418) (0,0); (-0.669412,-0.411648) (0,0); (-0.653495,-0.371388) (0,0)
(-0.644366,-0.350173) (0,0); (-0.626064,-0.310646) (0,0); (-0.599803,-0.260211) (0,0); (-0.577848,-0.222427) (0,0)
(-0.565512,-0.202743) (0,0); (-0.541136,-0.166521) (0,0); (-0.507125,-0.121096) (0,0); (-0.479367,-0.0876849) (0,0)
(-0.464065,-0.0704716) (0,0); (-0.434283,-0.0392038) (0,0); (-0.393811,-0.000655372) (0,0); (-0.361553,0.0271675) (0,0)
(-0.344083,0.0413527) (0,0); (-0.3106,0.0667785) (0,0); (-0.26623,0.0976384) (0,0); (-0.2317,0.119518) (0,0)
(-0.213315,0.130587) (0,0); (-0.178641,0.150192) (0,0); (-0.133841,0.173767) (0,0); (-0.099843,0.1903) (0,0)
(-0.228308,0.188667) (0,0); (-0.261872,0.151123) (0,0); (-0.304553,0.102903) (0,0); (-0.336415,0.0665316) (0,0)
(-0.353144,0.0475041) (0,0); (-0.38401,0.012319) (0,0); (-0.423453,-0.032049) (0,0); (-0.45305,-0.0648753) (0,0)
(-0.468653,-0.0818167) (0,0); (-0.497559,-0.112702) (0,0); (-0.534752,-0.15077) (0,0); (-0.56286,-0.17824) (0,0)
(-0.577755,-0.192163) (0,0); (-0.605493,-0.217048) (0,0); (-0.64147,-0.246734) (0,0); (-0.668881,-0.267354) (0,0)
(-0.683484,-0.277507) (0,0); (-0.710828,-0.295061) (0,0); (-0.746562,-0.314809) (0,0); (-0.773995,-0.327527) (0,0)
(-0.78867,-0.333407) (0,0); (-0.816279,-0.342785) (0,0); (-0.852548,-0.35171) (0,0); (-0.880535,-0.356013) (0,0)
(-0.895536,-0.357407) (0,0); (-0.923835,-0.358327) (0,0); (-0.961068,-0.356277) (0,0); (-0.989842,-0.352213) (0,0)
(-1.00526,-0.349176) (0,0); (-1.03433,-0.341905) (0,0); (-1.07254,-0.329225) (0,0); (-1.10206,-0.317058) (0,0)
(-1.11802,-0.309429) (0,0); (-1.14781,-0.294542) (0,0); (-1.18681,-0.273142) (0,0); (-1.2168,-0.255225) (0,0)
(-1.23279,-0.245171) (0,0); (-1.26283,-0.225335) (0,0); (-1.30186,-0.197974) (0,0); (-1.33163,-0.175868) (0,0)
(-1.34736,-0.163841) (0,0); (-1.37672,-0.140644) (0,0); (-1.41435,-0.109781) (0,0); (-1.44267,-0.0856673) (0,0)
(-1.45747,-0.0728338) (0,0); (-1.48481,-0.048601) (0,0); (-1.51924,-0.0173562) (0,0); (-1.54468,0.00630609) (0,0)
(-1.55779,0.0186362) (0,0); (-1.58166,0.0414249) (0,0); (-1.61101,0.0698492) (0,0); (-1.63211,0.090632) (0,0)
(-1.64277,0.101193) (0,0); (-1.66175,0.120198) (0,0); (-1.68422,0.142883) (0,0); (-1.69967,0.158652) (0,0)
(-1.7072,0.16636) (0,0); (-1.72008,0.179629) (0,0); (-1.73421,0.194244) (0,0); (-1.74298,0.203379) (0,0)
(-1.74688,0.207442) (0,0); (-1.75278,0.213612) (0,0); (-1.7576,0.218656) (0,0); (-1.75909,0.220219) (0,0)
(-1.75909,0.220219) (0,0); (-1.7576,0.218656) (0,0); (-1.75278,0.213612) (0,0); (-1.74688,0.207442) (0,0)
(-1.74298,0.203379) (0,0); (-1.73421,0.194244) (0,0); (-1.72008,0.179629) (0,0); (-1.7072,0.16636) (0,0)
(-1.69967,0.158652) (0,0); (-1.68422,0.142883) (0,0); (-1.66175,0.120198) (0,0); (-1.64277,0.101193) (0,0)
(-1.63211,0.090632) (0,0); (-1.61101,0.0698492) (0,0); (-1.58166,0.0414249) (0,0); (-1.55779,0.0186362) (0,0)
(-1.54468,0.00630609) (0,0); (-1.51924,-0.0173562) (0,0); (-1.48481,-0.048601) (0,0); (-1.45747,-0.0728338) (0,0)
(-1.44267,-0.0856673) (0,0); (-1.41435,-0.109781) (0,0); (-1.37672,-0.140644) (0,0); (-1.34736,-0.163841) (0,0)
(-1.33163,-0.175868) (0,0); (-1.30186,-0.197974) (0,0); (-1.26283,-0.225335) (0,0); (-1.23279,-0.245171) (0,0)
(-1.2168,-0.255225) (0,0); (-1.18681,-0.273142) (0,0); (-1.14781,-0.294542) (0,0); (-1.11802,-0.309429) (0,0)
(-1.10206,-0.317058) (0,0); (-1.07254,-0.329225) (0,0); (-1.03433,-0.341905) (0,0); (-1.00526,-0.349176) (0,0)
(-0.989842,-0.352213) (0,0); (-0.961068,-0.356277) (0,0); (-0.923835,-0.358327) (0,0); (-0.895536,-0.357407) (0,0)
(-0.880535,-0.356013) (0,0); (-0.852548,-0.35171) (0,0); (-0.816279,-0.342785) (0,0); (-0.78867,-0.333407) (0,0)
(-0.773995,-0.327527) (0,0); (-0.746562,-0.314809) (0,0); (-0.710828,-0.295061) (0,0); (-0.683484,-0.277507) (0,0)
(-0.668881,-0.267354) (0,0); (-0.64147,-0.246734) (0,0); (-0.605493,-0.217048) (0,0); (-0.577755,-0.192163) (0,0)
(-0.56286,-0.17824) (0,0); (-0.534752,-0.15077) (0,0); (-0.497559,-0.112702) (0,0); (-0.468653,-0.0818167) (0,0)
(-0.45305,-0.0648753) (0,0); (-0.423453,-0.032049) (0,0); (-0.38401,0.012319) (0,0); (-0.353144,0.0475041) (0,0)
(-0.336415,0.0665316) (0,0); (-0.304553,0.102903) (0,0); (-0.261872,0.151123) (0,0); (-0.228308,0.188667) (0,0)
