(-0.0902972,0.124403) (0,0); (-0.0961767,0.120033) (0,0); (-0.102892,0.114684) (0,0); (-0.107307,0.110853) (0,0)
(-0.109413,0.108936) (0,0); (-0.11289,0.105548) (0,0); (-0.11655,0.101622) (0,0); (-0.118685,0.0989918) (0,0)
(-0.119601,0.0977416) (0,0); (-0.120889,0.0956675) (0,0); (-0.121783,0.0935256) (0,0); (-0.121866,0.0923163) (0,0)
(-0.121714,0.0918263) (0,0); (-0.12104,0.091198) (0,0); (-0.119458,0.0909216) (0,0); (-0.117709,0.0911263) (0,0)
(-0.116604,0.0913753) (0,0); (-0.114165,0.0920702) (0,0); (-0.110333,0.0933568) (0,0); (-0.106899,0.0946342) (0,0)
(-0.104905,0.0953852) (0,0); (-0.100843,0.0969614) (0,0); (-0.0949594,0.0991924) (0,0); (-0.0900026,0.101036) (0,0)
(-0.0872164,0.10202) (0,0); (-0.0817002,0.103916) (0,0); (-0.074002,0.106315) (0,0); (-0.0677176,0.108096) (0,0)
(-0.064253,0.108978) (0,0); (-0.0575114,0.110554) (0,0); (-0.048337,0.112299) (0,0); (-0.0410154,0.113398) (0,0)
(-0.0370397,0.113861) (0,0); (-0.0294094,0.114537) (0,0); (-0.0192425,0.114927) (0,0); (-0.0112881,0.114849) (0,0)
(-0.0070275,0.114651) (0,0); (0.00104535,0.114005) (0,0); (0.0115902,0.112572) (0,0); (0.0196816,0.11102) (0,0)
(0.0239576,0.110026) (0,0); (0.0319538,0.107849) (0,0); (0.0421879,0.104404) (0,0); (0.0498795,0.1013) (0,0)
(0.053886,0.0994886) (0,0); (0.0612693,0.0957866) (0,0); (0.0705033,0.0904094) (0,0); (0.0772748,0.0858689) (0,0)
(0.0807369,0.0833156) (0,0); (0.0870006,0.0782868) (0,0); (0.0946148,0.0713145) (0,0); (0.100023,0.0656555) (0,0)
(0.102728,0.0625535) (0,0); (0.107494,0.0565444) (0,0); (0.11303,0.0484435) (0,0); (0.116751,0.0420349) (0,0)
(0.118532,0.0385803) (0,0); (0.12151,0.0319917) (0,0); (0.124641,0.0233055) (0,0); (0.126462,0.016579) (0,0)
(0.127221,0.0130017) (0,0); (0.128252,0.00627089) (0,0); (0.128823,-0.00243366) (0,0); (0.128667,-0.00904608) (0,0)
(-0.150495,0.207338) (0,0); (-0.160294,0.200055) (0,0); (-0.171487,0.191139) (0,0); (-0.178844,0.184755) (0,0)
(-0.182355,0.181561) (0,0); (-0.18815,0.175914) (0,0); (-0.194251,0.16937) (0,0); (-0.197808,0.164986) (0,0)
(-0.199335,0.162903) (0,0); (-0.201481,0.159446) (0,0); (-0.202972,0.155876) (0,0); (-0.203111,0.15386) (0,0)
(-0.202856,0.153044) (0,0); (-0.201733,0.151997) (0,0); (-0.199097,0.151536) (0,0); (-0.196181,0.151877) (0,0)
(-0.19434,0.152292) (0,0); (-0.190275,0.15345) (0,0); (-0.183888,0.155595) (0,0); (-0.178164,0.157724) (0,0)
(-0.174842,0.158975) (0,0); (-0.168072,0.161602) (0,0); (-0.158266,0.165321) (0,0); (-0.150004,0.168393) (0,0)
(-0.145361,0.170034) (0,0); (-0.136167,0.173194) (0,0); (-0.123337,0.177192) (0,0); (-0.112863,0.18016) (0,0)
(-0.107088,0.181631) (0,0); (-0.0958523,0.184257) (0,0); (-0.0805617,0.187165) (0,0); (-0.0683589,0.188996) (0,0)
(-0.0617329,0.189769) (0,0); (-0.0490157,0.190895) (0,0); (-0.0320709,0.191544) (0,0); (-0.0188134,0.191415) (0,0)
(-0.0117125,0.191085) (0,0); (0.00174226,0.190008) (0,0); (0.0193171,0.187619) (0,0); (0.0328026,0.185034) (0,0)
(0.0399293,0.183376) (0,0); (0.0532563,0.179748) (0,0); (0.0703131,0.174006) (0,0); (0.0831324,0.168833) (0,0)
(0.0898101,0.165814) (0,0); (0.102115,0.159644) (0,0); (0.117505,0.150682) (0,0); (0.128791,0.143115) (0,0)
(0.134561,0.138859) (0,0); (0.145001,0.130478) (0,0); (0.157691,0.118858) (0,0); (0.166705,0.109426) (0,0)
(0.171213,0.104256) (0,0); (0.179156,0.0942406) (0,0); (0.188384,0.0807392) (0,0); (0.194585,0.0700581) (0,0)
(0.197553,0.0643004) (0,0); (0.202516,0.0533195) (0,0); (0.207734,0.0388425) (0,0); (0.210769,0.0276317) (0,0)
(0.212035,0.0216694) (0,0); (0.213754,0.0104515) (0,0); (0.214705,-0.00405611) (0,0); (0.214445,-0.0150768) (0,0)
(-0.210693,0.290273) (0,0); (-0.224412,0.280077) (0,0); (-0.240081,0.267595) (0,0); (-0.250382,0.258657) (0,0)
(-0.255297,0.254185) (0,0); (-0.26341,0.24628) (0,0); (-0.271951,0.237118) (0,0); (-0.276931,0.230981) (0,0)
(-0.279069,0.228064) (0,0); (-0.282074,0.223224) (0,0); (-0.284161,0.218226) (0,0); (-0.284355,0.215405) (0,0)
(-0.283999,0.214261) (0,0); (-0.282426,0.212795) (0,0); (-0.278736,0.21215) (0,0); (-0.274653,0.212628) (0,0)
(-0.272076,0.213209) (0,0); (-0.266384,0.21483) (0,0); (-0.257443,0.217833) (0,0); (-0.24943,0.220813) (0,0)
(-0.244779,0.222565) (0,0); (-0.2353,0.226243) (0,0); (-0.221572,0.231449) (0,0); (-0.210006,0.23575) (0,0)
(-0.203505,0.238047) (0,0); (-0.190634,0.242472) (0,0); (-0.172671,0.248069) (0,0); (-0.158008,0.252223) (0,0)
(-0.149924,0.254283) (0,0); (-0.134193,0.25796) (0,0); (-0.112786,0.262031) (0,0); (-0.0957025,0.264595) (0,0)
(-0.0864261,0.265677) (0,0); (-0.068622,0.267252) (0,0); (-0.0448992,0.268162) (0,0); (-0.0263388,0.267981) (0,0)
(-0.0163975,0.267519) (0,0); (0.00243916,0.266012) (0,0); (0.0270439,0.262667) (0,0); (0.0459237,0.259047) (0,0)
(0.0559011,0.256727) (0,0); (0.0745588,0.251648) (0,0); (0.0984383,0.243609) (0,0); (0.116385,0.236366) (0,0)
(0.125734,0.23214) (0,0); (0.142962,0.223502) (0,0); (0.164508,0.210955) (0,0); (0.180308,0.200361) (0,0)
(0.188386,0.194403) (0,0); (0.203001,0.182669) (0,0); (0.220768,0.166401) (0,0); (0.233387,0.153196) (0,0)
(0.239698,0.145958) (0,0); (0.250819,0.131937) (0,0); (0.263737,0.113035) (0,0); (0.272418,0.0980814) (0,0)
(0.276574,0.0900206) (0,0); (0.283523,0.0746474) (0,0); (0.290828,0.0543795) (0,0); (0.295077,0.0386843) (0,0)
(0.296848,0.0303372) (0,0); (0.299255,0.0146321) (0,0); (0.300587,-0.00567855) (0,0); (0.300223,-0.0211075) (0,0)
(0.0411859,0.124647) (0,0); (0.0347364,0.126427) (0,0); (0.0261244,0.127959) (0,0); (0.0193728,0.128528) (0,0)
(0.0157545,0.128621) (0,0); (0.00889212,0.128391) (0,0); (-7.34588e-05,0.127356) (0,0); (-0.00695436,0.125998) (0,0)
(-0.0105886,0.1251) (0,0); (-0.0173825,0.123054) (0,0); (-0.0260673,0.119812) (0,0); (-0.0325863,0.116887) (0,0)
(-0.035979,0.115217) (0,0); (-0.0422221,0.11182) (0,0); (-0.0500237,0.107076) (0,0); (-0.0557397,0.1032) (0,0)
(-0.0586751,0.101114) (0,0); (-0.0639747,0.0970509) (0,0); (-0.0704146,0.0917228) (0,0); (-0.0749867,0.0876185) (0,0)
(-0.0772796,0.0854877) (0,0); (-0.0813248,0.0815316) (0,0); (-0.08606,0.0766713) (0,0); (-0.0892734,0.0731771) (0,0)
(-0.0908313,0.0714507) (0,0); (-0.0934706,0.0684165) (0,0); (-0.0963436,0.065025) (0,0); (-0.0981083,0.0628605) (0,0)
(-0.0988918,0.0618961) (0,0); (-0.100069,0.0604138) (0,0); (-0.101029,0.0591979) (0,0); (-0.101324,0.0588164) (0,0)
(-0.101324,0.0588164) (0,0); (-0.101029,0.0591979) (0,0); (-0.100069,0.0604138) (0,0); (-0.0988918,0.0618961) (0,0)
(-0.0981083,0.0628605) (0,0); (-0.0963436,0.065025) (0,0); (-0.0934706,0.0684165) (0,0); (-0.0908313,0.0714507) (0,0)
(-0.0892734,0.0731771) (0,0); (-0.08606,0.0766713) (0,0); (-0.0813248,0.0815316) (0,0); (-0.0772796,0.0854877) (0,0)
(-0.0749867,0.0876185) (0,0); (-0.0704146,0.0917228) (0,0); (-0.0639747,0.0970509) (0,0); (-0.0586751,0.101114) (0,0)
(-0.0557397,0.1032) (0,0); (-0.0500237,0.107076) (0,0); (-0.0422221,0.11182) (0,0); (-0.035979,0.115217) (0,0)
(-0.0325863,0.116887) (0,0); (-0.0260673,0.119812) (0,0); (-0.0173825,0.123054) (0,0); (-0.0105886,0.1251) (0,0)
(-0.00695436,0.125998) (0,0); (-7.34588e-05,0.127356) (0,0); (0.00889212,0.128391) (0,0); (0.0157545,0.128621) (0,0)
(0.0193728,0.128528) (0,0); (0.0261244,0.127959) (0,0); (0.0347364,0.126427) (0,0); (0.0411859,0.124647) (0,0)
(0.0686432,0.207745) (0,0); (0.0578939,0.210711) (0,0); (0.0435407,0.213265) (0,0); (0.032288,0.214213) (0,0)
(0.0262575,0.214368) (0,0); (0.0148202,0.213985) (0,0); (-0.000122431,0.212259) (0,0); (-0.0115906,0.209997) (0,0)
(-0.0176476,0.208499) (0,0); (-0.0289708,0.205091) (0,0); (-0.0434455,0.199687) (0,0); (-0.0543105,0.194812) (0,0)
(-0.0599651,0.192028) (0,0); (-0.0703702,0.186367) (0,0); (-0.0833729,0.178461) (0,0); (-0.0928996,0.172001) (0,0)
(-0.0977918,0.168524) (0,0); (-0.106624,0.161752) (0,0); (-0.117358,0.152871) (0,0); (-0.124978,0.146031) (0,0)
(-0.128799,0.142479) (0,0); (-0.135541,0.135886) (0,0); (-0.143433,0.127786) (0,0); (-0.148789,0.121962) (0,0)
(-0.151385,0.119084) (0,0); (-0.155784,0.114027) (0,0); (-0.160573,0.108375) (0,0); (-0.163514,0.104767) (0,0)
(-0.16482,0.10316) (0,0); (-0.166782,0.10069) (0,0); (-0.168382,0.0986632) (0,0); (-0.168873,0.0980274) (0,0)
(-0.168873,0.0980274) (0,0); (-0.168382,0.0986632) (0,0); (-0.166782,0.10069) (0,0); (-0.16482,0.10316) (0,0)
(-0.163514,0.104767) (0,0); (-0.160573,0.108375) (0,0); (-0.155784,0.114027) (0,0); (-0.151385,0.119084) (0,0)
(-0.148789,0.121962) (0,0); (-0.143433,0.127786) (0,0); (-0.135541,0.135886) (0,0); (-0.128799,0.142479) (0,0)
(-0.124978,0.146031) (0,0); (-0.117358,0.152871) (0,0); (-0.106624,0.161752) (0,0); (-0.0977918,0.168524) (0,0)
(-0.0928996,0.172001) (0,0); (-0.0833729,0.178461) (0,0); (-0.0703702,0.186367) (0,0); (-0.0599651,0.192028) (0,0)
(-0.0543105,0.194812) (0,0); (-0.0434455,0.199687) (0,0); (-0.0289708,0.205091) (0,0); (-0.0176476,0.208499) (0,0)
(-0.0115906,0.209997) (0,0); (-0.000122431,0.212259) (0,0); (0.0148202,0.213985) (0,0); (0.0262575,0.214368) (0,0)
(0.032288,0.214213) (0,0); (0.0435407,0.213265) (0,0); (0.0578939,0.210711) (0,0); (0.0686432,0.207745) (0,0)
(0.0961005,0.290843) (0,0); (0.0810515,0.294995) (0,0); (0.060957,0.29857) (0,0); (0.0452032,0.299898) (0,0)
(0.0367605,0.300116) (0,0); (0.0207483,0.299579) (0,0); (-0.000171404,0.297163) (0,0); (-0.0162268,0.293996) (0,0)
(-0.0247067,0.291899) (0,0); (-0.0405591,0.287127) (0,0); (-0.0608236,0.279561) (0,0); (-0.0760347,0.272737) (0,0)
(-0.0839511,0.268839) (0,0); (-0.0985183,0.260914) (0,0); (-0.116722,0.249845) (0,0); (-0.130059,0.240801) (0,0)
(-0.136908,0.235933) (0,0); (-0.149274,0.226452) (0,0); (-0.164301,0.21402) (0,0); (-0.174969,0.204443) (0,0)
(-0.180319,0.199471) (0,0); (-0.189758,0.19024) (0,0); (-0.200807,0.1789) (0,0); (-0.208305,0.170747) (0,0)
(-0.21194,0.166718) (0,0); (-0.218098,0.159638) (0,0); (-0.224802,0.151725) (0,0); (-0.228919,0.146674) (0,0)
(-0.230748,0.144424) (0,0); (-0.233495,0.140965) (0,0); (-0.235735,0.138128) (0,0); (-0.236422,0.137238) (0,0)
(-0.236422,0.137238) (0,0); (-0.235735,0.138128) (0,0); (-0.233495,0.140965) (0,0); (-0.230748,0.144424) (0,0)
(-0.228919,0.146674) (0,0); (-0.224802,0.151725) (0,0); (-0.218098,0.159638) (0,0); (-0.21194,0.166718) (0,0)
(-0.208305,0.170747) (0,0); (-0.200807,0.1789) (0,0); (-0.189758,0.19024) (0,0); (-0.180319,0.199471) (0,0)
(-0.174969,0.204443) (0,0); (-0.164301,0.21402) (0,0); (-0.149274,0.226452) (0,0); (-0.136908,0.235933) (0,0)
(-0.130059,0.240801) (0,0); (-0.116722,0.249845) (0,0); (-0.0985183,0.260914) (0,0); (-0.0839511,0.268839) (0,0)
(-0.0760347,0.272737) (0,0); (-0.0608236,0.279561) (0,0); (-0.0405591,0.287127) (0,0); (-0.0247067,0.291899) (0,0)
(-0.0162268,0.293996) (0,0); (-0.000171404,0.297163) (0,0); (0.0207483,0.299579) (0,0); (0.0367605,0.300116) (0,0)
(0.0452032,0.299898) (0,0); (0.060957,0.29857) (0,0); (0.0810515,0.294995) (0,0); (0.0961005,0.290843) (0,0)
(0.11707,0.0439739) (0,0); (0.114523,0.0498417) (0,0); (0.110462,0.0572052) (0,0); (0.106784,0.0626248) (0,0)
(0.10464,0.0654076) (0,0); (0.100252,0.0704568) (0,0); (0.0938948,0.0766197) (0,0); (0.0885376,0.0810175) (0,0)
(0.085538,0.0832251) (0,0); (0.0796079,0.0871309) (0,0); (0.071398,0.0917032) (0,0); (0.064743,0.0948064) (0,0)
(0.0611035,0.0963069) (0,0); (0.0540623,0.0988402) (0,0); (0.0446013,0.101581) (0,0); (0.0371399,0.10325) (0,0)
(0.0331249,0.103995) (0,0); (0.0254778,0.105077) (0,0); (0.0154417,0.105926) (0,0); (0.00770441,0.106146) (0,0)
(0.00360561,0.106127) (0,0); (-0.0040795,0.105814) (0,0); (-0.0139531,0.104949) (0,0); (-0.0214031,0.103937) (0,0)
(-0.025296,0.103303) (0,0); (-0.0324898,0.101903) (0,0); (-0.0415439,0.0997975) (0,0); (-0.048229,0.0979708) (0,0)
(-0.0516749,0.0969631) (0,0); (-0.0579464,0.0949644) (0,0); (-0.0656716,0.0923123) (0,0); (-0.0712422,0.0902456) (0,0)
(-0.0740709,0.0891788) (0,0); (-0.0791301,0.087196) (0,0); (-0.0852053,0.084814) (0,0); (-0.0894589,0.0831456) (0,0)
(-0.0915762,0.0823545) (0,0); (-0.0952749,0.0810155) (0,0); (-0.0995493,0.0796839) (0,0); (-0.102403,0.0789817) (0,0)
(-0.103771,0.0787479) (0,0); (-0.106057,0.0785515) (0,0); (-0.108478,0.0788274) (0,0); (-0.109902,0.0794468) (0,0)
(-0.110505,0.0799254) (0,0); (-0.11135,0.0811084) (0,0); (-0.111867,0.0831666) (0,0); (-0.111814,0.0851385) (0,0)
(-0.111613,0.0862979) (0,0); (-0.110954,0.0887585) (0,0); (-0.109486,0.0923784) (0,0); (-0.107893,0.0954668) (0,0)
(-0.106869,0.0971829) (0,0); (-0.104629,0.100579) (0,0); (-0.101053,0.105192) (0,0); (-0.0978122,0.108865) (0,0)
(-0.0959031,0.110826) (0,0); (-0.0919818,0.114557) (0,0); (-0.0861963,0.119361) (0,0); (-0.0812492,0.122994) (0,0)
(-0.0784333,0.124872) (0,0); (-0.0728074,0.128323) (0,0); (-0.0648222,0.132558) (0,0); (-0.0582074,0.135599) (0,0)
(0.195117,0.0732898) (0,0); (0.190871,0.0830695) (0,0); (0.184103,0.095342) (0,0); (0.177973,0.104375) (0,0)
(0.1744,0.109013) (0,0); (0.167087,0.117428) (0,0); (0.156491,0.127699) (0,0); (0.147563,0.135029) (0,0)
(0.142563,0.138709) (0,0); (0.13268,0.145218) (0,0); (0.118997,0.152839) (0,0); (0.107905,0.158011) (0,0)
(0.101839,0.160511) (0,0); (0.0901038,0.164734) (0,0); (0.0743356,0.169302) (0,0); (0.0618998,0.172083) (0,0)
(0.0552081,0.173325) (0,0); (0.0424631,0.175129) (0,0); (0.0257362,0.176544) (0,0); (0.0128407,0.176909) (0,0)
(0.00600936,0.176878) (0,0); (-0.00679916,0.176356) (0,0); (-0.0232551,0.174915) (0,0); (-0.0356718,0.173228) (0,0)
(-0.04216,0.172171) (0,0); (-0.0541497,0.169838) (0,0); (-0.0692398,0.166329) (0,0); (-0.0803816,0.163285) (0,0)
(-0.0861249,0.161605) (0,0); (-0.0965773,0.158274) (0,0); (-0.109453,0.153854) (0,0); (-0.118737,0.150409) (0,0)
(-0.123451,0.148631) (0,0); (-0.131883,0.145327) (0,0); (-0.142009,0.141357) (0,0); (-0.149098,0.138576) (0,0)
(-0.152627,0.137257) (0,0); (-0.158792,0.135026) (0,0); (-0.165915,0.132807) (0,0); (-0.170671,0.131636) (0,0)
(-0.172952,0.131247) (0,0); (-0.176762,0.130919) (0,0); (-0.180796,0.131379) (0,0); (-0.18317,0.132411) (0,0)
(-0.184175,0.133209) (0,0); (-0.185584,0.135181) (0,0); (-0.186445,0.138611) (0,0); (-0.186356,0.141897) (0,0)
(-0.186022,0.14383) (0,0); (-0.184924,0.147931) (0,0); (-0.182476,0.153964) (0,0); (-0.179822,0.159111) (0,0)
(-0.178115,0.161971) (0,0); (-0.174381,0.167632) (0,0); (-0.168422,0.175319) (0,0); (-0.16302,0.181442) (0,0)
(-0.159839,0.18471) (0,0); (-0.153303,0.190929) (0,0); (-0.143661,0.198935) (0,0); (-0.135415,0.20499) (0,0)
(-0.130722,0.20812) (0,0); (-0.121346,0.213871) (0,0); (-0.108037,0.22093) (0,0); (-0.0970124,0.225999) (0,0)
(0.273164,0.102606) (0,0); (0.26722,0.116297) (0,0); (0.257744,0.133479) (0,0); (0.249162,0.146125) (0,0)
(0.24416,0.152618) (0,0); (0.233922,0.164399) (0,0); (0.219088,0.178779) (0,0); (0.206588,0.189041) (0,0)
(0.199589,0.194192) (0,0); (0.185752,0.203305) (0,0); (0.166595,0.213974) (0,0); (0.151067,0.221215) (0,0)
(0.142575,0.224716) (0,0); (0.126145,0.230627) (0,0); (0.10407,0.237023) (0,0); (0.0866597,0.240916) (0,0)
(0.0772913,0.242655) (0,0); (0.0594483,0.24518) (0,0); (0.0360307,0.247161) (0,0); (0.017977,0.247673) (0,0)
(0.0084131,0.247629) (0,0); (-0.00951882,0.246898) (0,0); (-0.0325571,0.244881) (0,0); (-0.0499405,0.242519) (0,0)
(-0.0590241,0.24104) (0,0); (-0.0758096,0.237773) (0,0); (-0.0969357,0.232861) (0,0); (-0.112534,0.228599) (0,0)
(-0.120575,0.226247) (0,0); (-0.135208,0.221584) (0,0); (-0.153234,0.215395) (0,0); (-0.166232,0.210573) (0,0)
(-0.172832,0.208084) (0,0); (-0.184637,0.203457) (0,0); (-0.198812,0.197899) (0,0); (-0.208737,0.194006) (0,0)
(-0.213678,0.19216) (0,0); (-0.222308,0.189036) (0,0); (-0.232282,0.185929) (0,0); (-0.23894,0.184291) (0,0)
(-0.242133,0.183745) (0,0); (-0.247467,0.183287) (0,0); (-0.253115,0.183931) (0,0); (-0.256438,0.185376) (0,0)
(-0.257845,0.186493) (0,0); (-0.259817,0.189253) (0,0); (-0.261023,0.194055) (0,0); (-0.260899,0.198656) (0,0)
(-0.26043,0.201362) (0,0); (-0.258893,0.207103) (0,0); (-0.255466,0.21555) (0,0); (-0.25175,0.222756) (0,0)
(-0.249362,0.22676) (0,0); (-0.244134,0.234685) (0,0); (-0.23579,0.245447) (0,0); (-0.228228,0.254019) (0,0)
(-0.223774,0.258595) (0,0); (-0.214624,0.2673) (0,0); (-0.201125,0.278509) (0,0); (-0.189581,0.286986) (0,0)
(-0.183011,0.291367) (0,0); (-0.169884,0.29942) (0,0); (-0.151252,0.309302) (0,0); (-0.135817,0.316398) (0,0)
(-0.0656422,0.0875435) (0,0); (-0.0697753,0.084366) (0,0); (-0.0744852,0.0804775) (0,0); (-0.0775721,0.0776945) (0,0)
(-0.079042,0.0763029) (0,0); (-0.0814607,0.0738439) (0,0); (-0.0839946,0.070999) (0,0); (-0.0854602,0.0690971) (0,0)
(-0.086085,0.0681955) (0,0); (-0.0869519,0.0667042) (0,0); (-0.0875293,0.0651763) (0,0); (-0.0875475,0.0643256) (0,0)
(-0.0874189,0.0639871) (0,0); (-0.086905,0.0635682) (0,0); (-0.0857418,0.0634261) (0,0); (-0.0844726,0.063627) (0,0)
(-0.0836753,0.063838) (0,0); (-0.0819209,0.0644048) (0,0); (-0.0791734,0.0654285) (0,0); (-0.0767161,0.0664308) (0,0)
(-0.0752904,0.0670173) (0,0); (-0.0723872,0.0682426) (0,0); (-0.0681823,0.0699708) (0,0); (-0.0646397,0.0713948) (0,0)
(-0.0626475,0.0721548) (0,0); (-0.0587025,0.0736174) (0,0); (-0.053193,0.0754686) (0,0); (-0.0486924,0.0768438) (0,0)
(-0.0462099,0.0775273) (0,0); (-0.0413769,0.0787494) (0,0); (-0.034795,0.0801122) (0,0); (-0.0295388,0.080979) (0,0)
(-0.0266835,0.0813508) (0,0); (-0.0212012,0.0819037) (0,0); (-0.0138928,0.082262) (0,0); (-0.00817213,0.0822582) (0,0)
(-0.00510744,0.082141) (0,0); (0.000700942,0.0817183) (0,0); (0.00828945,0.0807327) (0,0); (0.0141134,0.0796445) (0,0)
(0.0171913,0.078942) (0,0); (0.0229473,0.0773953) (0,0); (0.0303141,0.0749353) (0,0); (0.0358505,0.0727111) (0,0)
(0.0387341,0.0714114) (0,0); (0.0440476,0.0687512) (0,0); (0.0506916,0.0648829) (0,0); (0.0555627,0.0616134) (0,0)
(0.0580526,0.0597745) (0,0); (0.0625566,0.056151) (0,0); (0.0680297,0.0511262) (0,0); (0.0719154,0.0470472) (0,0)
(0.0738581,0.0448115) (0,0); (0.0772802,0.0404805) (0,0); (0.081253,0.0346432) (0,0); (0.0839207,0.0300261) (0,0)
(0.0851971,0.0275378) (0,0); (0.0873295,0.0227932) (0,0); (0.0895682,0.0165403) (0,0); (0.0908674,0.0117) (0,0)
(0.0914076,0.00912657) (0,0); (0.0921384,0.00428609) (0,0); (0.0925347,-0.00197083) (0,0); (0.0924113,-0.00672153) (0,0)
(-0.109404,0.145906) (0,0); (-0.116292,0.14061) (0,0); (-0.124142,0.134129) (0,0); (-0.129287,0.129491) (0,0)
(-0.131737,0.127172) (0,0); (-0.135768,0.123073) (0,0); (-0.139991,0.118332) (0,0); (-0.142434,0.115162) (0,0)
(-0.143475,0.113659) (0,0); (-0.14492,0.111174) (0,0); (-0.145882,0.108627) (0,0); (-0.145913,0.107209) (0,0)
(-0.145698,0.106645) (0,0); (-0.144842,0.105947) (0,0); (-0.142903,0.10571) (0,0); (-0.140788,0.106045) (0,0)
(-0.139459,0.106397) (0,0); (-0.136535,0.107341) (0,0); (-0.131956,0.109048) (0,0); (-0.12786,0.110718) (0,0)
(-0.125484,0.111696) (0,0); (-0.120645,0.113738) (0,0); (-0.113637,0.116618) (0,0); (-0.107733,0.118991) (0,0)
(-0.104413,0.120258) (0,0); (-0.0978376,0.122696) (0,0); (-0.088655,0.125781) (0,0); (-0.081154,0.128073) (0,0)
(-0.0770165,0.129212) (0,0); (-0.0689615,0.131249) (0,0); (-0.0579917,0.13352) (0,0); (-0.0492313,0.134965) (0,0)
(-0.0444725,0.135585) (0,0); (-0.0353353,0.136506) (0,0); (-0.0231546,0.137103) (0,0); (-0.0136202,0.137097) (0,0)
(-0.0085124,0.136902) (0,0); (0.00116824,0.136197) (0,0); (0.0138157,0.134554) (0,0); (0.0235224,0.132741) (0,0)
(0.0286522,0.13157) (0,0); (0.0382456,0.128992) (0,0); (0.0505235,0.124892) (0,0); (0.0597508,0.121185) (0,0)
(0.0645568,0.119019) (0,0); (0.0734126,0.114585) (0,0); (0.084486,0.108138) (0,0); (0.0926045,0.102689) (0,0)
(0.0967544,0.0996241) (0,0); (0.104261,0.093585) (0,0); (0.113383,0.0852103) (0,0); (0.119859,0.078412) (0,0)
(0.123097,0.0746858) (0,0); (0.1288,0.0674675) (0,0); (0.135422,0.0577386) (0,0); (0.139868,0.0500435) (0,0)
(0.141995,0.0458964) (0,0); (0.145549,0.0379886) (0,0); (0.14928,0.0275672) (0,0); (0.151446,0.0195) (0,0)
(0.152346,0.015211) (0,0); (0.153564,0.00714348) (0,0); (0.154224,-0.00328471) (0,0); (0.154019,-0.0112026) (0,0)
(-0.153165,0.204268) (0,0); (-0.162809,0.196854) (0,0); (-0.173799,0.187781) (0,0); (-0.181002,0.181287) (0,0)
(-0.184431,0.17804) (0,0); (-0.190075,0.172303) (0,0); (-0.195987,0.165664) (0,0); (-0.199407,0.161227) (0,0)
(-0.200865,0.159123) (0,0); (-0.202888,0.155643) (0,0); (-0.204235,0.152078) (0,0); (-0.204278,0.150093) (0,0)
(-0.203977,0.149303) (0,0); (-0.202778,0.148326) (0,0); (-0.200064,0.147994) (0,0); (-0.197103,0.148463) (0,0)
(-0.195242,0.148955) (0,0); (-0.191149,0.150278) (0,0); (-0.184738,0.152667) (0,0); (-0.179004,0.155005) (0,0)
(-0.175678,0.156374) (0,0); (-0.168904,0.159233) (0,0); (-0.159092,0.163265) (0,0); (-0.150826,0.166588) (0,0)
(-0.146178,0.168361) (0,0); (-0.136973,0.171774) (0,0); (-0.124117,0.176093) (0,0); (-0.113616,0.179302) (0,0)
(-0.107823,0.180897) (0,0); (-0.0965461,0.183749) (0,0); (-0.0811884,0.186928) (0,0); (-0.0689238,0.188951) (0,0)
(-0.0622615,0.189819) (0,0); (-0.0494694,0.191109) (0,0); (-0.0324165,0.191945) (0,0); (-0.0190683,0.191936) (0,0)
(-0.0119174,0.191662) (0,0); (0.00163553,0.190676) (0,0); (0.019342,0.188376) (0,0); (0.0329314,0.185837) (0,0)
(0.0401131,0.184198) (0,0); (0.0535438,0.180589) (0,0); (0.0707328,0.174849) (0,0); (0.0836511,0.169659) (0,0)
(0.0903796,0.166627) (0,0); (0.102778,0.16042) (0,0); (0.11828,0.151394) (0,0); (0.129646,0.143765) (0,0)
(0.135456,0.139474) (0,0); (0.145965,0.131019) (0,0); (0.158736,0.119294) (0,0); (0.167803,0.109777) (0,0)
(0.172336,0.10456) (0,0); (0.180321,0.0944545) (0,0); (0.18959,0.080834) (0,0); (0.195815,0.0700609) (0,0)
(0.198793,0.064255) (0,0); (0.203769,0.0531841) (0,0); (0.208992,0.0385941) (0,0); (0.212024,0.0273) (0,0)
(0.213284,0.0212953) (0,0); (0.21499,0.0100009) (0,0); (0.215914,-0.0045986) (0,0); (0.215626,-0.0156836) (0,0)
(0.0296132,0.0895508) (0,0); (0.0249768,0.0908253) (0,0); (0.0187816,0.0919099) (0,0); (0.0139215,0.092298) (0,0)
(0.0113162,0.0923508) (0,0); (0.00637351,0.0921534) (0,0); (-8.52429e-05,0.0913559) (0,0); (-0.00504312,0.0903308) (0,0)
(-0.00766141,0.0896556) (0,0); (-0.0125562,0.0881246) (0,0); (-0.0188114,0.085704) (0,0); (-0.0235051,0.0835244) (0,0)
(-0.0259468,0.08228) (0,0); (-0.0304383,0.0797517) (0,0); (-0.0360465,0.0762202) (0,0); (-0.0401518,0.073335) (0,0)
(-0.0422584,0.0717813) (0,0); (-0.0460589,0.0687559) (0,0); (-0.0506714,0.0647877) (0,0); (-0.0539414,0.0617303) (0,0)
(-0.0555798,0.0601425) (0,0); (-0.0584671,0.0571937) (0,0); (-0.0618421,0.0535695) (0,0); (-0.0641284,0.0509628) (0,0)
(-0.065236,0.0496745) (0,0); (-0.0671101,0.0474097) (0,0); (-0.0691479,0.0448774) (0,0); (-0.0703975,0.0432605) (0,0)
(-0.0709522,0.0425401) (0,0); (-0.0717851,0.0414325) (0,0); (-0.072464,0.0405239) (0,0); (-0.0726716,0.0402388) (0,0)
(-0.0726716,0.0402388) (0,0); (-0.072464,0.0405239) (0,0); (-0.0717851,0.0414325) (0,0); (-0.0709522,0.0425401) (0,0)
(-0.0703975,0.0432605) (0,0); (-0.0691479,0.0448774) (0,0); (-0.0671101,0.0474097) (0,0); (-0.065236,0.0496745) (0,0)
(-0.0641284,0.0509628) (0,0); (-0.0618421,0.0535695) (0,0); (-0.0584671,0.0571937) (0,0); (-0.0555798,0.0601425) (0,0)
(-0.0539414,0.0617303) (0,0); (-0.0506714,0.0647877) (0,0); (-0.0460589,0.0687559) (0,0); (-0.0422584,0.0717813) (0,0)
(-0.0401518,0.073335) (0,0); (-0.0360465,0.0762202) (0,0); (-0.0304383,0.0797517) (0,0); (-0.0259468,0.08228) (0,0)
(-0.0235051,0.0835244) (0,0); (-0.0188114,0.085704) (0,0); (-0.0125562,0.0881246) (0,0); (-0.00766141,0.0896556) (0,0)
(-0.00504312,0.0903308) (0,0); (-8.52429e-05,0.0913559) (0,0); (0.00637351,0.0921534) (0,0); (0.0113162,0.0923508) (0,0)
(0.0139215,0.092298) (0,0); (0.0187816,0.0919099) (0,0); (0.0249768,0.0908253) (0,0); (0.0296132,0.0895508) (0,0)
(0.0493554,0.149251) (0,0); (0.0416279,0.151375) (0,0); (0.0313026,0.153183) (0,0); (0.0232024,0.15383) (0,0)
(0.0188604,0.153918) (0,0); (0.0106225,0.153589) (0,0); (-0.000142071,0.15226) (0,0); (-0.0084052,0.150551) (0,0)
(-0.012769,0.149426) (0,0); (-0.020927,0.146874) (0,0); (-0.0313523,0.14284) (0,0); (-0.0391752,0.139207) (0,0)
(-0.0432447,0.137133) (0,0); (-0.0507306,0.132919) (0,0); (-0.0600775,0.127034) (0,0); (-0.0669197,0.122225) (0,0)
(-0.0704307,0.119636) (0,0); (-0.0767648,0.114593) (0,0); (-0.0844523,0.10798) (0,0); (-0.0899023,0.102884) (0,0)
(-0.092633,0.100237) (0,0); (-0.0974451,0.0953228) (0,0); (-0.10307,0.0892825) (0,0); (-0.106881,0.084938) (0,0)
(-0.108727,0.0827908) (0,0); (-0.11185,0.0790161) (0,0); (-0.115246,0.0747956) (0,0); (-0.117329,0.0721008) (0,0)
(-0.118254,0.0709001) (0,0); (-0.119642,0.0690541) (0,0); (-0.120773,0.0675398) (0,0); (-0.121119,0.0670646) (0,0)
(-0.121119,0.0670646) (0,0); (-0.120773,0.0675398) (0,0); (-0.119642,0.0690541) (0,0); (-0.118254,0.0709001) (0,0)
(-0.117329,0.0721008) (0,0); (-0.115246,0.0747956) (0,0); (-0.11185,0.0790161) (0,0); (-0.108727,0.0827908) (0,0)
(-0.106881,0.084938) (0,0); (-0.10307,0.0892825) (0,0); (-0.0974451,0.0953228) (0,0); (-0.092633,0.100237) (0,0)
(-0.0899023,0.102884) (0,0); (-0.0844523,0.10798) (0,0); (-0.0767648,0.114593) (0,0); (-0.0704307,0.119636) (0,0)
(-0.0669197,0.122225) (0,0); (-0.0600775,0.127034) (0,0); (-0.0507306,0.132919) (0,0); (-0.0432447,0.137133) (0,0)
(-0.0391752,0.139207) (0,0); (-0.0313523,0.14284) (0,0); (-0.020927,0.146874) (0,0); (-0.012769,0.149426) (0,0)
(-0.0084052,0.150551) (0,0); (-0.000142071,0.15226) (0,0); (0.0106225,0.153589) (0,0); (0.0188604,0.153918) (0,0)
(0.0232024,0.15383) (0,0); (0.0313026,0.153183) (0,0); (0.0416279,0.151375) (0,0); (0.0493554,0.149251) (0,0)
(0.0690975,0.208952) (0,0); (0.0582791,0.211926) (0,0); (0.0438237,0.214456) (0,0); (0.0324834,0.215362) (0,0)
(0.0264045,0.215485) (0,0); (0.0148715,0.215025) (0,0); (-0.0001989,0.213164) (0,0); (-0.0117673,0.210772) (0,0)
(-0.0178766,0.209196) (0,0); (-0.0292978,0.205624) (0,0); (-0.0438932,0.199976) (0,0); (-0.0548453,0.19489) (0,0)
(-0.0605426,0.191987) (0,0); (-0.0710228,0.186087) (0,0); (-0.0841086,0.177847) (0,0); (-0.0936875,0.171115) (0,0)
(-0.098603,0.16749) (0,0); (-0.107471,0.16043) (0,0); (-0.118233,0.151171) (0,0); (-0.125863,0.144037) (0,0)
(-0.129686,0.140332) (0,0); (-0.136423,0.133452) (0,0); (-0.144298,0.124996) (0,0); (-0.149633,0.118913) (0,0)
(-0.152217,0.115907) (0,0); (-0.15659,0.110623) (0,0); (-0.161345,0.104714) (0,0); (-0.164261,0.100941) (0,0)
(-0.165555,0.0992602) (0,0); (-0.167499,0.0966758) (0,0); (-0.169083,0.0945558) (0,0); (-0.169567,0.0938905) (0,0)
(-0.169567,0.0938905) (0,0); (-0.169083,0.0945558) (0,0); (-0.167499,0.0966758) (0,0); (-0.165555,0.0992602) (0,0)
(-0.164261,0.100941) (0,0); (-0.161345,0.104714) (0,0); (-0.15659,0.110623) (0,0); (-0.152217,0.115907) (0,0)
(-0.149633,0.118913) (0,0); (-0.144298,0.124996) (0,0); (-0.136423,0.133452) (0,0); (-0.129686,0.140332) (0,0)
(-0.125863,0.144037) (0,0); (-0.118233,0.151171) (0,0); (-0.107471,0.16043) (0,0); (-0.098603,0.16749) (0,0)
(-0.0936875,0.171115) (0,0); (-0.0841086,0.177847) (0,0); (-0.0710228,0.186087) (0,0); (-0.0605426,0.191987) (0,0)
(-0.0548453,0.19489) (0,0); (-0.0438932,0.199976) (0,0); (-0.0292978,0.205624) (0,0); (-0.0178766,0.209196) (0,0)
(-0.0117673,0.210772) (0,0); (-0.0001989,0.213164) (0,0); (0.0148715,0.215025) (0,0); (0.0264045,0.215485) (0,0)
(0.0324834,0.215362) (0,0); (0.0438237,0.214456) (0,0); (0.0582791,0.211926) (0,0); (0.0690975,0.208952) (0,0)
(0.0841571,0.0315004) (0,0); (0.0823301,0.0357191) (0,0); (0.0794133,0.0410138) (0,0); (0.0767692,0.0449114) (0,0)
(0.0752273,0.0469127) (0,0); (0.0720699,0.0505442) (0,0); (0.0674932,0.0549759) (0,0); (0.0636348,0.0581377) (0,0)
(0.061474,0.0597243) (0,0); (0.0572013,0.0625305) (0,0); (0.0512847,0.0658122) (0,0); (0.0464879,0.0680364) (0,0)
(0.0438644,0.0691102) (0,0); (0.0387885,0.0709201) (0,0); (0.0319684,0.0728698) (0,0); (0.0265897,0.0740485) (0,0)
(0.0236958,0.0745712) (0,0); (0.0181844,0.0753209) (0,0); (0.0109532,0.0758863) (0,0); (0.00537978,0.0760031) (0,0)
(0.00242829,0.0759651) (0,0); (-0.00310423,0.0756898) (0,0); (-0.0102078,0.0749934) (0,0); (-0.0155644,0.074201) (0,0)
(-0.0183618,0.0737085) (0,0); (-0.0235284,0.0726279) (0,0); (-0.0300245,0.0710103) (0,0); (-0.0348157,0.0696113) (0,0)
(-0.0372835,0.0688397) (0,0); (-0.0417707,0.0673109) (0,0); (-0.0472909,0.0652812) (0,0); (-0.0512655,0.0636989) (0,0)
(-0.053282,0.062881) (0,0); (-0.0568844,0.0613593) (0,0); (-0.0612047,0.0595259) (0,0); (-0.0642248,0.0582371) (0,0)
(-0.0657272,0.0576235) (0,0); (-0.0683491,0.0565805) (0,0); (-0.0713773,0.0555309) (0,0); (-0.0733973,0.054965) (0,0)
(-0.0743665,0.054769) (0,0); (-0.0759854,0.0545831) (0,0); (-0.0777025,0.0547413) (0,0); (-0.0787158,0.0551696) (0,0)
(-0.0791465,0.0555099) (0,0); (-0.0797543,0.0563631) (0,0); (-0.0801365,0.0578643) (0,0); (-0.0801146,0.0593124) (0,0)
(-0.0799817,0.0601664) (0,0); (-0.0795348,0.0619821) (0,0); (-0.078522,0.0646572) (0,0); (-0.0774163,0.0669423) (0,0)
(-0.0767026,0.0682121) (0,0); (-0.0751372,0.0707262) (0,0); (-0.0726292,0.0741387) (0,0); (-0.07035,0.0768555) (0,0)
(-0.0690047,0.0783044) (0,0); (-0.0662376,0.0810594) (0,0); (-0.0621462,0.0846006) (0,0); (-0.0586415,0.0872738) (0,0)
(-0.0566444,0.088653) (0,0); (-0.0526507,0.0911839) (0,0); (-0.0469756,0.0942806) (0,0); (-0.04227,0.0964965) (0,0)
(0.140262,0.0525006) (0,0); (0.137217,0.0595318) (0,0); (0.132355,0.0683564) (0,0); (0.127949,0.0748524) (0,0)
(0.125379,0.0781879) (0,0); (0.120117,0.0842403) (0,0); (0.112489,0.0916264) (0,0); (0.106058,0.0968962) (0,0)
(0.102457,0.0995406) (0,0); (0.0953355,0.104218) (0,0); (0.0854745,0.109687) (0,0); (0.0774798,0.113394) (0,0)
(0.0731073,0.115184) (0,0); (0.0646475,0.1182) (0,0); (0.0532806,0.12145) (0,0); (0.0443162,0.123414) (0,0)
(0.0394931,0.124285) (0,0); (0.0303074,0.125535) (0,0); (0.0182553,0.126477) (0,0); (0.0089663,0.126672) (0,0)
(0.00404715,0.126608) (0,0); (-0.00517372,0.12615) (0,0); (-0.0170131,0.124989) (0,0); (-0.0259407,0.123668) (0,0)
(-0.0306031,0.122847) (0,0); (-0.039214,0.121047) (0,0); (-0.0500408,0.118351) (0,0); (-0.0580262,0.116019) (0,0)
(-0.0621392,0.114733) (0,0); (-0.0696179,0.112185) (0,0); (-0.0788181,0.108802) (0,0); (-0.0854425,0.106165) (0,0)
(-0.0888033,0.104802) (0,0); (-0.0948073,0.102266) (0,0); (-0.102008,0.0992098) (0,0); (-0.107041,0.0970618) (0,0)
(-0.109545,0.0960391) (0,0); (-0.113915,0.0943008) (0,0); (-0.118962,0.0925515) (0,0); (-0.122329,0.0916083) (0,0)
(-0.123944,0.0912816) (0,0); (-0.126642,0.0909719) (0,0); (-0.129504,0.0912355) (0,0); (-0.131193,0.0919494) (0,0)
(-0.131911,0.0925166) (0,0); (-0.132924,0.0939385) (0,0); (-0.133561,0.0964406) (0,0); (-0.133524,0.0988541) (0,0)
(-0.133303,0.100277) (0,0); (-0.132558,0.103304) (0,0); (-0.13087,0.107762) (0,0); (-0.129027,0.11157) (0,0)
(-0.127838,0.113687) (0,0); (-0.125229,0.117877) (0,0); (-0.121049,0.123564) (0,0); (-0.11725,0.128092) (0,0)
(-0.115008,0.130507) (0,0); (-0.110396,0.135099) (0,0); (-0.103577,0.141001) (0,0); (-0.0977358,0.145456) (0,0)
(-0.0944073,0.147755) (0,0); (-0.0877512,0.151973) (0,0); (-0.0782927,0.157134) (0,0); (-0.07045,0.160828) (0,0)
(0.196367,0.0735009) (0,0); (0.192103,0.0833446) (0,0); (0.185298,0.095699) (0,0); (0.179128,0.104793) (0,0)
(0.17553,0.109463) (0,0); (0.168163,0.117936) (0,0); (0.157484,0.128277) (0,0); (0.148481,0.135655) (0,0)
(0.143439,0.139357) (0,0); (0.13347,0.145905) (0,0); (0.119664,0.153562) (0,0); (0.108472,0.158752) (0,0)
(0.10235,0.161257) (0,0); (0.0905065,0.16548) (0,0); (0.0745929,0.170029) (0,0); (0.0620427,0.17278) (0,0)
(0.0552903,0.173999) (0,0); (0.0424303,0.175749) (0,0); (0.0255574,0.177068) (0,0); (0.0125528,0.17734) (0,0)
(0.005666,0.177252) (0,0); (-0.0072432,0.17661) (0,0); (-0.0238183,0.174985) (0,0); (-0.0363169,0.173136) (0,0)
(-0.0428443,0.171986) (0,0); (-0.0548996,0.169465) (0,0); (-0.0700571,0.165691) (0,0); (-0.0812367,0.162426) (0,0)
(-0.0869948,0.160626) (0,0); (-0.097465,0.157059) (0,0); (-0.110345,0.152323) (0,0); (-0.119619,0.148631) (0,0)
(-0.124325,0.146722) (0,0); (-0.13273,0.143172) (0,0); (-0.142811,0.138894) (0,0); (-0.149858,0.135886) (0,0)
(-0.153364,0.134455) (0,0); (-0.159481,0.132021) (0,0); (-0.166547,0.129572) (0,0); (-0.17126,0.128252) (0,0)
(-0.173522,0.127794) (0,0); (-0.177299,0.127361) (0,0); (-0.181306,0.12773) (0,0); (-0.18367,0.128729) (0,0)
(-0.184675,0.129523) (0,0); (-0.186093,0.131514) (0,0); (-0.186985,0.135017) (0,0); (-0.186934,0.138396) (0,0)
(-0.186624,0.140388) (0,0); (-0.185581,0.144625) (0,0); (-0.183218,0.150867) (0,0); (-0.180638,0.156199) (0,0)
(-0.178973,0.159162) (0,0); (-0.17532,0.165028) (0,0); (-0.169468,0.17299) (0,0); (-0.16415,0.179329) (0,0)
(-0.161011,0.18271) (0,0); (-0.154554,0.189139) (0,0); (-0.145008,0.197401) (0,0); (-0.13683,0.203639) (0,0)
(-0.13217,0.206857) (0,0); (-0.122852,0.212762) (0,0); (-0.10961,0.219988) (0,0); (-0.09863,0.225159) (0,0)
(-0.0470403,0.0617229) (0,0); (-0.0499527,0.0594452) (0,0); (-0.0532676,0.0566581) (0,0); (-0.0554366,0.0546634) (0,0)
(-0.0564683,0.0536661) (0,0); (-0.0581632,0.0519041) (0,0); (-0.0599342,0.0498669) (0,0); (-0.0609542,0.048506) (0,0)
(-0.0613874,0.0478617) (0,0); (-0.0619844,0.0467973) (0,0); (-0.0623729,0.045711) (0,0); (-0.0623715,0.0451102) (0,0)
(-0.0622734,0.0448734) (0,0); (-0.0618976,0.0445857) (0,0); (-0.0610605,0.0445039) (0,0); (-0.0601532,0.044666) (0,0)
(-0.0595845,0.0448277) (0,0); (-0.0583355,0.0452559) (0,0); (-0.056382,0.0460213) (0,0); (-0.0546366,0.0467663) (0,0)
(-0.0536241,0.0472013) (0,0); (-0.0515628,0.0481084) (0,0); (-0.0485769,0.0493859) (0,0); (-0.0460611,0.0504373) (0,0)
(-0.0446459,0.0509983) (0,0); (-0.0418429,0.0520774) (0,0); (-0.0379265,0.0534437) (0,0); (-0.0347259,0.0544591) (0,0)
(-0.0329599,0.0549643) (0,0); (-0.0295208,0.0558684) (0,0); (-0.0248352,0.05688) (0,0); (-0.0210917,0.0575265) (0,0)
(-0.0190578,0.0578057) (0,0); (-0.0151514,0.058225) (0,0); (-0.00994252,0.0585094) (0,0); (-0.00586416,0.0585263) (0,0)
(-0.00367903,0.0584521) (0,0); (0.000462972,0.0581666) (0,0); (0.00587505,0.0574812) (0,0); (0.0100292,0.0567161) (0,0)
(0.0122246,0.0562201) (0,0); (0.0163306,0.0551251) (0,0); (0.0215855,0.0533786) (0,0); (0.0255348,0.0517965) (0,0)
(0.0275917,0.0508714) (0,0); (0.0313816,0.0489764) (0,0); (0.0361203,0.0462191) (0,0); (0.0395941,0.0438874) (0,0)
(0.0413697,0.0425758) (0,0); (0.0445811,0.0399908) (0,0); (0.048483,0.0364056) (0,0); (0.0512527,0.0334949) (0,0)
(0.0526372,0.0318996) (0,0); (0.0550758,0.0288091) (0,0); (0.057906,0.0246441) (0,0); (0.0598059,0.0213501) (0,0)
(0.0607147,0.019575) (0,0); (0.0622326,0.0161906) (0,0); (0.0638251,0.0117311) (0,0); (0.0647486,0.00827955) (0,0)
(0.0651321,0.00644479) (0,0); (0.0656502,0.00299412) (0,0); (0.0659288,-0.00146528) (0,0); (0.0658379,-0.00485041) (0,0)
(-0.0784005,0.102871) (0,0); (-0.0832544,0.0990754) (0,0); (-0.0887793,0.0944302) (0,0); (-0.0923944,0.0911056) (0,0)
(-0.0941139,0.0894436) (0,0); (-0.0969387,0.0865069) (0,0); (-0.0998904,0.0831115) (0,0); (-0.10159,0.0808434) (0,0)
(-0.102312,0.0797696) (0,0); (-0.103307,0.0779956) (0,0); (-0.103955,0.0761851) (0,0); (-0.103952,0.0751837) (0,0)
(-0.103789,0.074789) (0,0); (-0.103163,0.0743096) (0,0); (-0.101767,0.0741731) (0,0); (-0.100255,0.0744434) (0,0)
(-0.0993075,0.0747129) (0,0); (-0.0972258,0.0754266) (0,0); (-0.09397,0.0767021) (0,0); (-0.091061,0.0779438) (0,0)
(-0.0893734,0.0786689) (0,0); (-0.085938,0.0801806) (0,0); (-0.0809615,0.0823099) (0,0); (-0.0767684,0.0840621) (0,0)
(-0.0744098,0.0849971) (0,0); (-0.0697382,0.0867956) (0,0); (-0.0632108,0.0890729) (0,0); (-0.0578765,0.0907652) (0,0)
(-0.0549331,0.0916072) (0,0); (-0.0492013,0.093114) (0,0); (-0.0413919,0.0948) (0,0); (-0.0351529,0.0958775) (0,0)
(-0.0317629,0.0963429) (0,0); (-0.0252524,0.0970416) (0,0); (-0.0165709,0.0975157) (0,0); (-0.00977361,0.0975438) (0,0)
(-0.00613172,0.0974202) (0,0); (0.000771619,0.0969444) (0,0); (0.00979175,0.095802) (0,0); (0.0167153,0.0945268) (0,0)
(0.0203744,0.0937002) (0,0); (0.0272176,0.0918751) (0,0); (0.0359758,0.0889643) (0,0); (0.042558,0.0863275) (0,0)
(0.0459861,0.0847856) (0,0); (0.0523027,0.0816274) (0,0); (0.0602005,0.0770319) (0,0); (0.0659902,0.0731457) (0,0)
(0.0689494,0.0709597) (0,0); (0.0743018,0.0666513) (0,0); (0.0808049,0.0606759) (0,0); (0.0854211,0.0558248) (0,0)
(0.0877287,0.0531659) (0,0); (0.0917929,0.0480152) (0,0); (0.09651,0.0410735) (0,0); (0.0996765,0.0355835) (0,0)
(0.101191,0.032625) (0,0); (0.103721,0.0269843) (0,0); (0.106375,0.0195518) (0,0); (0.107914,0.0137993) (0,0)
(0.108554,0.0107413) (0,0); (0.109417,0.0049902) (0,0); (0.109881,-0.00244214) (0,0); (0.10973,-0.00808402) (0,0)
(-0.109761,0.14402) (0,0); (-0.116556,0.138706) (0,0); (-0.124291,0.132202) (0,0); (-0.129352,0.127548) (0,0)
(-0.131759,0.125221) (0,0); (-0.135714,0.12111) (0,0); (-0.139847,0.116356) (0,0); (-0.142226,0.113181) (0,0)
(-0.143237,0.111677) (0,0); (-0.14463,0.109194) (0,0); (-0.145537,0.106659) (0,0); (-0.145533,0.105257) (0,0)
(-0.145305,0.104705) (0,0); (-0.144428,0.104033) (0,0); (-0.142474,0.103842) (0,0); (-0.140357,0.104221) (0,0)
(-0.13903,0.104598) (0,0); (-0.136116,0.105597) (0,0); (-0.131558,0.107383) (0,0); (-0.127485,0.109121) (0,0)
(-0.125123,0.110136) (0,0); (-0.120313,0.112253) (0,0); (-0.113346,0.115234) (0,0); (-0.107476,0.117687) (0,0)
(-0.104174,0.118996) (0,0); (-0.0976334,0.121514) (0,0); (-0.0884951,0.124702) (0,0); (-0.0810272,0.127071) (0,0)
(-0.0769064,0.12825) (0,0); (-0.0688818,0.13036) (0,0); (-0.0579487,0.13272) (0,0); (-0.049214,0.134228) (0,0)
(-0.0444681,0.13488) (0,0); (-0.0353533,0.135858) (0,0); (-0.0231992,0.136522) (0,0); (-0.013683,0.136561) (0,0)
(-0.0085844,0.136388) (0,0); (0.00108027,0.135722) (0,0); (0.0137084,0.134123) (0,0); (0.0234014,0.132338) (0,0)
(0.0285241,0.13118) (0,0); (0.0381047,0.128625) (0,0); (0.0503661,0.12455) (0,0); (0.0595811,0.120858) (0,0)
(0.0643805,0.1187) (0,0); (0.0732238,0.114278) (0,0); (0.0842807,0.107845) (0,0); (0.0923862,0.102404) (0,0)
(0.0965292,0.0993436) (0,0); (0.104023,0.0933118) (0,0); (0.113127,0.0849463) (0,0); (0.11959,0.0781547) (0,0)
(0.12282,0.0744323) (0,0); (0.12851,0.0672213) (0,0); (0.135114,0.0575029) (0,0); (0.139547,0.0498169) (0,0)
(0.141668,0.0456751) (0,0); (0.145209,0.037778) (0,0); (0.148925,0.0273725) (0,0); (0.15108,0.019319) (0,0)
(0.151975,0.0150378) (0,0); (0.153184,0.00698628) (0,0); (0.153834,-0.00341899) (0,0); (0.153622,-0.0113176) (0,0)
(0.0211188,0.0638341) (0,0); (0.0178128,0.0647413) (0,0); (0.0133937,0.0655088) (0,0); (0.0099258,0.0657783) (0,0)
(0.00806661,0.0658111) (0,0); (0.00453869,0.0656591) (0,0); (-7.17711e-05,0.0650719) (0,0); (-0.00361121,0.0643237) (0,0)
(-0.00548032,0.0638319) (0,0); (-0.00897456,0.0627189) (0,0); (-0.0134392,0.0609611) (0,0); (-0.0167889,0.0593796) (0,0)
(-0.018531,0.0584768) (0,0); (-0.0217349,0.0566431) (0,0); (-0.0257336,0.0540816) (0,0); (-0.0286594,0.0519889) (0,0)
(-0.0301601,0.0508616) (0,0); (-0.0328664,0.0486667) (0,0); (-0.0361486,0.0457873) (0,0); (-0.0384737,0.0435684) (0,0)
(-0.039638,0.0424158) (0,0); (-0.0416886,0.0402749) (0,0); (-0.0440837,0.0376431) (0,0); (-0.0457046,0.0357496) (0,0)
(-0.0464894,0.0348137) (0,0); (-0.0478164,0.033168) (0,0); (-0.0492585,0.0313276) (0,0); (-0.0501419,0.0301523) (0,0)
(-0.0505341,0.0296286) (0,0); (-0.0511225,0.0288233) (0,0); (-0.051602,0.0281626) (0,0); (-0.0517486,0.0279553) (0,0)
(-0.0517486,0.0279553) (0,0); (-0.051602,0.0281626) (0,0); (-0.0511225,0.0288233) (0,0); (-0.0505341,0.0296286) (0,0)
(-0.0501419,0.0301523) (0,0); (-0.0492585,0.0313276) (0,0); (-0.0478164,0.033168) (0,0); (-0.0464894,0.0348137) (0,0)
(-0.0457046,0.0357496) (0,0); (-0.0440837,0.0376431) (0,0); (-0.0416886,0.0402749) (0,0); (-0.039638,0.0424158) (0,0)
(-0.0384737,0.0435684) (0,0); (-0.0361486,0.0457873) (0,0); (-0.0328664,0.0486667) (0,0); (-0.0301601,0.0508616) (0,0)
(-0.0286594,0.0519889) (0,0); (-0.0257336,0.0540816) (0,0); (-0.0217349,0.0566431) (0,0); (-0.018531,0.0584768) (0,0)
(-0.0167889,0.0593796) (0,0); (-0.0134392,0.0609611) (0,0); (-0.00897456,0.0627189) (0,0); (-0.00548032,0.0638319) (0,0)
(-0.00361121,0.0643237) (0,0); (-7.17711e-05,0.0650719) (0,0); (0.00453869,0.0656591) (0,0); (0.00806661,0.0658111) (0,0)
(0.0099258,0.0657783) (0,0); (0.0133937,0.0655088) (0,0); (0.0178128,0.0647413) (0,0); (0.0211188,0.0638341) (0,0)
(0.035198,0.10639) (0,0); (0.0296879,0.107902) (0,0); (0.0223229,0.109181) (0,0); (0.016543,0.109631) (0,0)
(0.0134443,0.109685) (0,0); (0.00756448,0.109432) (0,0); (-0.000119619,0.108453) (0,0); (-0.00601868,0.107206) (0,0)
(-0.00913386,0.106387) (0,0); (-0.0149576,0.104531) (0,0); (-0.0223987,0.101602) (0,0); (-0.0279814,0.0989661) (0,0)
(-0.0308849,0.0974614) (0,0); (-0.0362248,0.0944051) (0,0); (-0.0428894,0.090136) (0,0); (-0.0477656,0.0866481) (0,0)
(-0.0502668,0.0847693) (0,0); (-0.0547773,0.0811111) (0,0); (-0.0602476,0.0763121) (0,0); (-0.0641228,0.0726139) (0,0)
(-0.0660634,0.0706929) (0,0); (-0.069481,0.0671249) (0,0); (-0.0734728,0.0627385) (0,0); (-0.0761743,0.0595826) (0,0)
(-0.0774824,0.0580228) (0,0); (-0.0796941,0.0552799) (0,0); (-0.0820975,0.0522127) (0,0); (-0.0835699,0.0502538) (0,0)
(-0.0842234,0.0493809) (0,0); (-0.0852041,0.0480388) (0,0); (-0.0860033,0.0469377) (0,0); (-0.0862476,0.0465921) (0,0)
(-0.0862476,0.0465921) (0,0); (-0.0860033,0.0469377) (0,0); (-0.0852041,0.0480388) (0,0); (-0.0842234,0.0493809) (0,0)
(-0.0835699,0.0502538) (0,0); (-0.0820975,0.0522127) (0,0); (-0.0796941,0.0552799) (0,0); (-0.0774824,0.0580228) (0,0)
(-0.0761743,0.0595826) (0,0); (-0.0734728,0.0627385) (0,0); (-0.069481,0.0671249) (0,0); (-0.0660634,0.0706929) (0,0)
(-0.0641228,0.0726139) (0,0); (-0.0602476,0.0763121) (0,0); (-0.0547773,0.0811111) (0,0); (-0.0502668,0.0847693) (0,0)
(-0.0477656,0.0866481) (0,0); (-0.0428894,0.090136) (0,0); (-0.0362248,0.0944051) (0,0); (-0.0308849,0.0974614) (0,0)
(-0.0279814,0.0989661) (0,0); (-0.0223987,0.101602) (0,0); (-0.0149576,0.104531) (0,0); (-0.00913386,0.106387) (0,0)
(-0.00601868,0.107206) (0,0); (-0.000119619,0.108453) (0,0); (0.00756448,0.109432) (0,0); (0.0134443,0.109685) (0,0)
(0.016543,0.109631) (0,0); (0.0223229,0.109181) (0,0); (0.0296879,0.107902) (0,0); (0.035198,0.10639) (0,0)
(0.0492772,0.148946) (0,0); (0.0415631,0.151063) (0,0); (0.031252,0.152854) (0,0); (0.0231602,0.153483) (0,0)
(0.0188221,0.153559) (0,0); (0.0105903,0.153205) (0,0); (-0.000167466,0.151834) (0,0); (-0.00842615,0.150089) (0,0)
(-0.0127874,0.148941) (0,0); (-0.0209406,0.146344) (0,0); (-0.0313582,0.142243) (0,0); (-0.039174,0.138553) (0,0)
(-0.0432389,0.136446) (0,0); (-0.0507147,0.132167) (0,0); (-0.0600451,0.12619) (0,0); (-0.0668719,0.121307) (0,0)
(-0.0703736,0.118677) (0,0); (-0.0766882,0.113556) (0,0); (-0.0843467,0.106837) (0,0); (-0.0897719,0.10166) (0,0)
(-0.0924888,0.0989701) (0,0); (-0.0972734,0.0939748) (0,0); (-0.102862,0.0878339) (0,0); (-0.106644,0.0834157) (0,0)
(-0.108475,0.0812319) (0,0); (-0.111572,0.0773919) (0,0); (-0.114936,0.0730978) (0,0); (-0.116998,0.0703553) (0,0)
(-0.117913,0.0691333) (0,0); (-0.119286,0.0672543) (0,0); (-0.120405,0.0657128) (0,0); (-0.120747,0.065229) (0,0)
(-0.120747,0.065229) (0,0); (-0.120405,0.0657128) (0,0); (-0.119286,0.0672543) (0,0); (-0.117913,0.0691333) (0,0)
(-0.116998,0.0703553) (0,0); (-0.114936,0.0730978) (0,0); (-0.111572,0.0773919) (0,0); (-0.108475,0.0812319) (0,0)
(-0.106644,0.0834157) (0,0); (-0.102862,0.0878339) (0,0); (-0.0972734,0.0939748) (0,0); (-0.0924888,0.0989701) (0,0)
(-0.0897719,0.10166) (0,0); (-0.0843467,0.106837) (0,0); (-0.0766882,0.113556) (0,0); (-0.0703736,0.118677) (0,0)
(-0.0668719,0.121307) (0,0); (-0.0600451,0.12619) (0,0); (-0.0507147,0.132167) (0,0); (-0.0432389,0.136446) (0,0)
(-0.039174,0.138553) (0,0); (-0.0313582,0.142243) (0,0); (-0.0209406,0.146344) (0,0); (-0.0127874,0.148941) (0,0)
(-0.00842615,0.150089) (0,0); (-0.000167466,0.151834) (0,0); (0.0105903,0.153205) (0,0); (0.0188221,0.153559) (0,0)
(0.0231602,0.153483) (0,0); (0.031252,0.152854) (0,0); (0.0415631,0.151063) (0,0); (0.0492772,0.148946) (0,0)
(0.0600024,0.0224188) (0,0); (0.0587013,0.0254269) (0,0); (0.0566227,0.0292026) (0,0); (0.0547376,0.0319823) (0,0)
(0.0536379,0.0334096) (0,0); (0.0513857,0.0359995) (0,0); (0.0481202,0.0391601) (0,0); (0.0453667,0.041415) (0,0)
(0.0438245,0.0425463) (0,0); (0.0407746,0.0445469) (0,0); (0.0365508,0.0468853) (0,0); (0.0331261,0.0484693) (0,0)
(0.031253,0.0492334) (0,0); (0.0276288,0.0505203) (0,0); (0.0227592,0.0519037) (0,0); (0.0189188,0.0527373) (0,0)
(0.0168526,0.0531055) (0,0); (0.0129177,0.0536306) (0,0); (0.00775565,0.0540182) (0,0); (0.00377759,0.0540874) (0,0)
(0.00167128,0.0540518) (0,0); (-0.00227648,0.053838) (0,0); (-0.0073437,0.053315) (0,0); (-0.0111635,0.0527272) (0,0)
(-0.0131577,0.0523629) (0,0); (-0.0168399,0.0515661) (0,0); (-0.0214671,0.0503754) (0,0); (-0.0248781,0.049347) (0,0)
(-0.0266341,0.0487799) (0,0); (-0.0298258,0.0476565) (0,0); (-0.0337492,0.0461646) (0,0); (-0.0365719,0.0450011) (0,0)
(-0.0380033,0.0443993) (0,0); (-0.0405588,0.0432791) (0,0); (-0.0436212,0.0419273) (0,0); (-0.0457602,0.0409755) (0,0)
(-0.0468239,0.0405214) (0,0); (-0.048679,0.039748) (0,0); (-0.0508209,0.0389654) (0,0); (-0.052249,0.0385393) (0,0)
(-0.0529344,0.0383891) (0,0); (-0.054079,0.0382401) (0,0); (-0.0552943,0.038338) (0,0); (-0.0560125,0.0386372) (0,0)
(-0.0563185,0.0388785) (0,0); (-0.0567517,0.0394879) (0,0); (-0.0570281,0.0405666) (0,0); (-0.0570187,0.0416107) (0,0)
(-0.0569282,0.0422274) (0,0); (-0.0566196,0.0435397) (0,0); (-0.0559136,0.0454746) (0,0); (-0.0551399,0.0471283) (0,0)
(-0.0546394,0.0480473) (0,0); (-0.0535401,0.0498672) (0,0); (-0.0517751,0.0523367) (0,0); (-0.0501687,0.0543022) (0,0)
(-0.0492195,0.05535) (0,0); (-0.0472654,0.0573416) (0,0); (-0.0443727,0.0598991) (0,0); (-0.0418924,0.061828) (0,0)
(-0.0404781,0.0628223) (0,0); (-0.0376486,0.0646452) (0,0); (-0.0336251,0.0668721) (0,0); (-0.0302872,0.0684627) (0,0)
(0.100004,0.0373647) (0,0); (0.0978356,0.0423782) (0,0); (0.0943712,0.048671) (0,0); (0.0912293,0.0533038) (0,0)
(0.0893965,0.0556826) (0,0); (0.0856429,0.0599992) (0,0); (0.0802003,0.0652669) (0,0); (0.0756111,0.069025) (0,0)
(0.0730408,0.0709104) (0,0); (0.0679577,0.0742448) (0,0); (0.060918,0.0781422) (0,0); (0.0552102,0.0807821) (0,0)
(0.0520884,0.0820557) (0,0); (0.046048,0.0842006) (0,0); (0.0379319,0.0865062) (0,0); (0.0315313,0.0878955) (0,0)
(0.0280877,0.0885092) (0,0); (0.0215296,0.0893843) (0,0); (0.0129261,0.0900304) (0,0); (0.00629599,0.0901456) (0,0)
(0.00278546,0.0900864) (0,0); (-0.00379413,0.08973) (0,0); (-0.0122395,0.0888584) (0,0); (-0.0186058,0.0878787) (0,0)
(-0.0219296,0.0872716) (0,0); (-0.0280665,0.0859436) (0,0); (-0.0357786,0.0839591) (0,0); (-0.0414635,0.082245) (0,0)
(-0.0443902,0.0812998) (0,0); (-0.0497096,0.0794274) (0,0); (-0.0562487,0.076941) (0,0); (-0.0609532,0.0750019) (0,0)
(-0.0633388,0.0739989) (0,0); (-0.067598,0.0721318) (0,0); (-0.0727021,0.0698789) (0,0); (-0.0762669,0.0682924) (0,0)
(-0.0780398,0.0675357) (0,0); (-0.0811317,0.0662466) (0,0); (-0.0847015,0.0649424) (0,0); (-0.0870816,0.0642321) (0,0)
(-0.0882239,0.0639819) (0,0); (-0.0901317,0.0637335) (0,0); (-0.0921572,0.0638967) (0,0); (-0.0933542,0.0643953) (0,0)
(-0.0938642,0.0647975) (0,0); (-0.0945861,0.0658132) (0,0); (-0.0950469,0.0676111) (0,0); (-0.0950312,0.0693512) (0,0)
(-0.0948803,0.070379) (0,0); (-0.0943659,0.0725662) (0,0); (-0.0931893,0.075791) (0,0); (-0.0918999,0.0785472) (0,0)
(-0.0910656,0.0800789) (0,0); (-0.0892336,0.083112) (0,0); (-0.0862918,0.0872278) (0,0); (-0.0836145,0.0905037) (0,0)
(-0.0820324,0.09225) (0,0); (-0.0787757,0.0955693) (0,0); (-0.0739544,0.0998318) (0,0); (-0.0698206,0.103047) (0,0)
(-0.0674635,0.104704) (0,0); (-0.0627476,0.107742) (0,0); (-0.0560419,0.111454) (0,0); (-0.0504787,0.114105) (0,0)
(0.140006,0.0523106) (0,0); (0.13697,0.0593295) (0,0); (0.13212,0.0681394) (0,0); (0.127721,0.0746253) (0,0)
(0.125155,0.0779556) (0,0); (0.1199,0.0839989) (0,0); (0.11228,0.0913736) (0,0); (0.105856,0.096635) (0,0)
(0.102257,0.0992746) (0,0); (0.0951407,0.103943) (0,0); (0.0852852,0.109399) (0,0); (0.0772943,0.113095) (0,0)
(0.0729237,0.114878) (0,0); (0.0644672,0.117881) (0,0); (0.0531047,0.121109) (0,0); (0.0441438,0.123054) (0,0)
(0.0393228,0.123913) (0,0); (0.0301414,0.125138) (0,0); (0.0180965,0.126043) (0,0); (0.00881438,0.126204) (0,0)
(0.00389965,0.126121) (0,0); (-0.00531178,0.125622) (0,0); (-0.0171353,0.124402) (0,0); (-0.0260481,0.12303) (0,0)
(-0.0307014,0.12218) (0,0); (-0.0392931,0.120321) (0,0); (-0.05009,0.117543) (0,0); (-0.0580489,0.115143) (0,0)
(-0.0621463,0.11382) (0,0); (-0.0695934,0.111198) (0,0); (-0.0787482,0.107717) (0,0); (-0.0853345,0.105003) (0,0)
(-0.0886743,0.103598) (0,0); (-0.0946372,0.100985) (0,0); (-0.101783,0.0978304) (0,0); (-0.106774,0.0956094) (0,0)
(-0.109256,0.09455) (0,0); (-0.113584,0.0927453) (0,0); (-0.118582,0.0909193) (0,0); (-0.121914,0.0899249) (0,0)
(-0.123514,0.0895747) (0,0); (-0.126184,0.0892268) (0,0); (-0.12902,0.0894553) (0,0); (-0.130696,0.0901534) (0,0)
(-0.13141,0.0907164) (0,0); (-0.132421,0.0921385) (0,0); (-0.133066,0.0946555) (0,0); (-0.133044,0.0970917) (0,0)
(-0.132832,0.0985307) (0,0); (-0.132112,0.101593) (0,0); (-0.130465,0.106107) (0,0); (-0.12866,0.109966) (0,0)
(-0.127492,0.11211) (0,0); (-0.124927,0.116357) (0,0); (-0.120809,0.122119) (0,0); (-0.11706,0.126705) (0,0)
(-0.114845,0.12915) (0,0); (-0.110286,0.133797) (0,0); (-0.103536,0.139765) (0,0); (-0.0977488,0.144265) (0,0)
(-0.0944489,0.146585) (0,0); (-0.0878466,0.150839) (0,0); (-0.0784587,0.156035) (0,0); (-0.0706702,0.159746) (0,0)
(-0.139102,0.276388) (0,0); (-0.152817,0.268605) (0,0); (-0.169724,0.256805) (0,0); (-0.181925,0.246501) (0,0)
(-0.188111,0.240626) (0,0); (-0.199165,0.228805) (0,0); (-0.212382,0.212137) (0,0); (-0.221587,0.198406) (0,0)
(-0.226147,0.190852) (0,0); (-0.234061,0.17612) (0,0); (-0.243132,0.156241) (0,0); (-0.249122,0.140501) (0,0)
(-0.251993,0.132063) (0,0); (-0.256738,0.115997) (0,0); (-0.261834,0.0950878) (0,0); (-0.2649,0.0791011) (0,0)
(-0.266315,0.0707319) (0,0); (-0.268376,0.0551271) (0,0); (-0.270229,0.0355136) (0,0); (-0.271009,0.0210531) (0,0)
(-0.271279,0.0136802) (0,0); (-0.271427,0.000344623) (0,0); (-0.271219,-0.0156479) (0,0); (-0.270751,-0.0268271) (0,0)
(-0.27047,-0.032301) (0,0); (-0.269812,-0.0417569) (0,0); (-0.268948,-0.0521977) (0,0); (-0.268281,-0.0587464) (0,0)
(-0.26798,-0.0616595) (0,0); (-0.267472,-0.0660928) (0,0); (-0.267046,-0.0697193) (0,0); (-0.2669,-0.0708452) (0,0)
(-0.2669,-0.0708452) (0,0); (-0.267046,-0.0697193) (0,0); (-0.267472,-0.0660928) (0,0); (-0.26798,-0.0616595) (0,0)
(-0.268281,-0.0587464) (0,0); (-0.268948,-0.0521977) (0,0); (-0.269812,-0.0417569) (0,0); (-0.27047,-0.032301) (0,0)
(-0.270751,-0.0268271) (0,0); (-0.271219,-0.0156479) (0,0); (-0.271427,0.000344623) (0,0); (-0.271279,0.0136802) (0,0)
(-0.271009,0.0210531) (0,0); (-0.270229,0.0355136) (0,0); (-0.268376,0.0551271) (0,0); (-0.266315,0.0707319) (0,0)
(-0.2649,0.0791011) (0,0); (-0.261834,0.0950878) (0,0); (-0.256738,0.115997) (0,0); (-0.251993,0.132063) (0,0)
(-0.249122,0.140501) (0,0); (-0.243132,0.156241) (0,0); (-0.234061,0.17612) (0,0); (-0.226147,0.190852) (0,0)
(-0.221587,0.198406) (0,0); (-0.212382,0.212137) (0,0); (-0.199165,0.228805) (0,0); (-0.188111,0.240626) (0,0)
(-0.181925,0.246501) (0,0); (-0.169724,0.256805) (0,0); (-0.152817,0.268605) (0,0); (-0.139102,0.276388) (0,0)
(-0.0806082,0.2571) (0,0); (-0.0934816,0.252339) (0,0); (-0.109642,0.244567) (0,0); (-0.121542,0.237415) (0,0)
(-0.12766,0.233229) (0,0); (-0.138769,0.224608) (0,0); (-0.152382,0.212117) (0,0); (-0.162142,0.201592) (0,0)
(-0.167074,0.19573) (0,0); (-0.175845,0.184164) (0,0); (-0.186285,0.168335) (0,0); (-0.193518,0.155637) (0,0)
(-0.197098,0.148783) (0,0); (-0.20329,0.135637) (0,0); (-0.210407,0.118383) (0,0); (-0.215125,0.105081) (0,0)
(-0.217427,0.098093) (0,0); (-0.221218,0.0849867) (0,0); (-0.225337,0.068419) (0,0); (-0.227862,0.0561286) (0,0)
(-0.229037,0.0498464) (0,0); (-0.230864,0.0384408) (0,0); (-0.232716,0.0247153) (0,0); (-0.233727,0.0150811) (0,0)
(-0.234176,0.0103577) (0,0); (-0.2348,0.00217729) (0,0); (-0.235368,-0.00687142) (0,0); (-0.235615,-0.0125617) (0,0)
(-0.23572,-0.0150936) (0,0); (-0.235837,-0.0189523) (0,0); (-0.235922,-0.0221101) (0,0); (-0.235937,-0.023092) (0,0)
(-0.235937,-0.023092) (0,0); (-0.235922,-0.0221101) (0,0); (-0.235837,-0.0189523) (0,0); (-0.23572,-0.0150936) (0,0)
(-0.235615,-0.0125617) (0,0); (-0.235368,-0.00687142) (0,0); (-0.2348,0.00217729) (0,0); (-0.234176,0.0103577) (0,0)
(-0.233727,0.0150811) (0,0); (-0.232716,0.0247153) (0,0); (-0.230864,0.0384408) (0,0); (-0.229037,0.0498464) (0,0)
(-0.227862,0.0561286) (0,0); (-0.225337,0.068419) (0,0); (-0.221218,0.0849867) (0,0); (-0.217427,0.098093) (0,0)
(-0.215125,0.105081) (0,0); (-0.210407,0.118383) (0,0); (-0.20329,0.135637) (0,0); (-0.197098,0.148783) (0,0)
(-0.193518,0.155637) (0,0); (-0.186285,0.168335) (0,0); (-0.175845,0.184164) (0,0); (-0.167074,0.19573) (0,0)
(-0.162142,0.201592) (0,0); (-0.152382,0.212117) (0,0); (-0.138769,0.224608) (0,0); (-0.12766,0.233229) (0,0)
(-0.121542,0.237415) (0,0); (-0.109642,0.244567) (0,0); (-0.0934816,0.252339) (0,0); (-0.0806082,0.2571) (0,0)
(-0.15839,0.217895) (0,0); (-0.169083,0.209269) (0,0); (-0.181962,0.196724) (0,0); (-0.191011,0.186118) (0,0)
(-0.195508,0.180175) (0,0); (-0.203363,0.168409) (0,0); (-0.212401,0.152137) (0,0); (-0.218402,0.138961) (0,0)
(-0.221268,0.131778) (0,0); (-0.226018,0.117904) (0,0); (-0.231039,0.0993945) (0,0); (-0.233987,0.0848968) (0,0)
(-0.235272,0.0771682) (0,0); (-0.237098,0.0625493) (0,0); (-0.238538,0.0436607) (0,0); (-0.23892,0.0293254) (0,0)
(-0.238954,0.0218437) (0,0); (-0.238516,0.00796868) (0,0); (-0.237324,-0.00937812) (0,0); (-0.235933,-0.0220939) (0,0)
(-0.235112,-0.0285618) (0,0); (-0.233331,-0.0402185) (0,0); (-0.230856,-0.0541509) (0,0); (-0.228843,-0.063851) (0,0)
(-0.227811,-0.0685946) (0,0); (-0.225878,-0.0767683) (0,0); (-0.223622,-0.0857771) (0,0); (-0.222097,-0.091413) (0,0)
(-0.221414,-0.0939195) (0,0); (-0.220332,-0.0977283) (0,0); (-0.219436,-0.100843) (0,0); (-0.219147,-0.101808) (0,0)
(-0.219147,-0.101808) (0,0); (-0.219436,-0.100843) (0,0); (-0.220332,-0.0977283) (0,0); (-0.221414,-0.0939195) (0,0)
(-0.222097,-0.091413) (0,0); (-0.223622,-0.0857771) (0,0); (-0.225878,-0.0767683) (0,0); (-0.227811,-0.0685946) (0,0)
(-0.228843,-0.063851) (0,0); (-0.230856,-0.0541509) (0,0); (-0.233331,-0.0402185) (0,0); (-0.235112,-0.0285618) (0,0)
(-0.235933,-0.0220939) (0,0); (-0.237324,-0.00937812) (0,0); (-0.238516,0.00796868) (0,0); (-0.238954,0.0218437) (0,0)
(-0.23892,0.0293254) (0,0); (-0.238538,0.0436607) (0,0); (-0.237098,0.0625493) (0,0); (-0.235272,0.0771682) (0,0)
(-0.233987,0.0848968) (0,0); (-0.231039,0.0993945) (0,0); (-0.226018,0.117904) (0,0); (-0.221268,0.131778) (0,0)
(-0.218402,0.138961) (0,0); (-0.212401,0.152137) (0,0); (-0.203363,0.168409) (0,0); (-0.195508,0.180175) (0,0)
(-0.191011,0.186118) (0,0); (-0.181962,0.196724) (0,0); (-0.169083,0.209269) (0,0); (-0.15839,0.217895) (0,0)
(-0.099896,0.198607) (0,0); (-0.109748,0.193003) (0,0); (-0.121881,0.184486) (0,0); (-0.130628,0.177032) (0,0)
(-0.135058,0.172778) (0,0); (-0.142966,0.164212) (0,0); (-0.152402,0.152118) (0,0); (-0.158956,0.142146) (0,0)
(-0.162195,0.136657) (0,0); (-0.167801,0.125947) (0,0); (-0.174192,0.111488) (0,0); (-0.178383,0.100032) (0,0)
(-0.180378,0.0938885) (0,0); (-0.18365,0.0821889) (0,0); (-0.187111,0.0669561) (0,0); (-0.189145,0.0553053) (0,0)
(-0.190066,0.0492048) (0,0); (-0.191358,0.0378284) (0,0); (-0.192432,0.0235272) (0,0); (-0.192786,0.0129816) (0,0)
(-0.19287,0.00760443) (0,0); (-0.192768,-0.0021223) (0,0); (-0.192353,-0.0137877) (0,0); (-0.191819,-0.0219428) (0,0)
(-0.191518,-0.0259359) (0,0); (-0.190866,-0.0328341) (0,0); (-0.190042,-0.0404509) (0,0); (-0.18943,-0.0452284) (0,0)
(-0.189154,-0.0473536) (0,0); (-0.188696,-0.0505878) (0,0); (-0.188313,-0.0532334) (0,0); (-0.188184,-0.0540548) (0,0)
(-0.188184,-0.0540548) (0,0); (-0.188313,-0.0532334) (0,0); (-0.188696,-0.0505878) (0,0); (-0.189154,-0.0473536) (0,0)
(-0.18943,-0.0452284) (0,0); (-0.190042,-0.0404509) (0,0); (-0.190866,-0.0328341) (0,0); (-0.191518,-0.0259359) (0,0)
(-0.191819,-0.0219428) (0,0); (-0.192353,-0.0137877) (0,0); (-0.192768,-0.0021223) (0,0); (-0.19287,0.00760443) (0,0)
(-0.192786,0.0129816) (0,0); (-0.192432,0.0235272) (0,0); (-0.191358,0.0378284) (0,0); (-0.190066,0.0492048) (0,0)
(-0.189145,0.0553053) (0,0); (-0.187111,0.0669561) (0,0); (-0.18365,0.0821889) (0,0); (-0.180378,0.0938885) (0,0)
(-0.178383,0.100032) (0,0); (-0.174192,0.111488) (0,0); (-0.167801,0.125947) (0,0); (-0.162195,0.136657) (0,0)
(-0.158956,0.142146) (0,0); (-0.152402,0.152118) (0,0); (-0.142966,0.164212) (0,0); (-0.135058,0.172778) (0,0)
(-0.130628,0.177032) (0,0); (-0.121881,0.184486) (0,0); (-0.109748,0.193003) (0,0); (-0.099896,0.198607) (0,0)
(0.255076,0.758378) (0,0); (0.216876,0.771672) (0,0); (0.167428,0.788658) (0,0); (0.129829,0.801403) (0,0)
(0.109939,0.808098) (0,0); (0.0728394,0.820481) (0,0); (0.0250956,0.836263) (0,0); (-0.0109912,0.848072) (0,0)
(-0.0299691,0.854252) (0,0); (-0.0651875,0.86565) (0,0); (-0.110042,0.88008) (0,0); (-0.143581,0.890801) (0,0)
(-0.161062,0.896388) (0,0); (-0.19322,0.906613) (0,0); (-0.233562,0.919484) (0,0); (-0.263245,0.928988) (0,0)
(-0.278565,0.934008) (0,0); (-0.306357,0.94287) (0,0); (-0.340413,0.953605) (0,0); (-0.364827,0.961198) (0,0)
(-0.377146,0.965027) (0,0); (-0.39905,0.971788) (0,0); (-0.424928,0.97974) (0,0); (-0.442691,0.985169) (0,0)
(-0.451343,0.98781) (0,0); (-0.466124,0.992308) (0,0); (-0.48232,0.997227) (0,0); (-0.492367,1.00027) (0,0)
(-0.496833,1.00162) (0,0); (-0.503586,1.00366) (0,0); (-0.509101,1.00533) (0,0); (-0.510802,1.00584) (0,0)
(-0.510802,1.00584) (0,0); (-0.509101,1.00533) (0,0); (-0.503586,1.00366) (0,0); (-0.496833,1.00162) (0,0)
(-0.492367,1.00027) (0,0); (-0.48232,0.997227) (0,0); (-0.466124,0.992308) (0,0); (-0.451343,0.98781) (0,0)
(-0.442691,0.985169) (0,0); (-0.424928,0.97974) (0,0); (-0.39905,0.971788) (0,0); (-0.377146,0.965027) (0,0)
(-0.364827,0.961198) (0,0); (-0.340413,0.953605) (0,0); (-0.306357,0.94287) (0,0); (-0.278565,0.934008) (0,0)
(-0.263245,0.928988) (0,0); (-0.233562,0.919484) (0,0); (-0.19322,0.906613) (0,0); (-0.161062,0.896388) (0,0)
(-0.143581,0.890801) (0,0); (-0.110042,0.88008) (0,0); (-0.0651875,0.86565) (0,0); (-0.0299691,0.854252) (0,0)
(-0.0109912,0.848072) (0,0); (0.0250956,0.836263) (0,0); (0.0728394,0.820481) (0,0); (0.109939,0.808098) (0,0)
(0.129829,0.801403) (0,0); (0.167428,0.788658) (0,0); (0.216876,0.771672) (0,0); (0.255076,0.758378) (0,0)
(0.22402,0.671685) (0,0); (0.189946,0.682864) (0,0); (0.14546,0.69615) (0,0); (0.111342,0.705336) (0,0)
(0.0932213,0.709887) (0,0); (0.0592559,0.717767) (0,0); (0.0153227,0.726834) (0,0); (-0.0180569,0.732853) (0,0)
(-0.0356482,0.735764) (0,0); (-0.0683873,0.74063) (0,0); (-0.110196,0.745974) (0,0); (-0.141546,0.749301) (0,0)
(-0.157903,0.75086) (0,0); (-0.188037,0.753298) (0,0); (-0.22589,0.755824) (0,0); (-0.253779,0.757256) (0,0)
(-0.268179,0.757981) (0,0); (-0.294317,0.75881) (0,0); (-0.326361,0.75936) (0,0); (-0.349342,0.759374) (0,0)
(-0.360939,0.759319) (0,0); (-0.381563,0.75901) (0,0); (-0.40593,0.758431) (0,0); (-0.422657,0.757852) (0,0)
(-0.430804,0.757545) (0,0); (-0.444723,0.756926) (0,0); (-0.459974,0.756176) (0,0); (-0.469434,0.755645) (0,0)
(-0.473639,0.755408) (0,0); (-0.479998,0.755023) (0,0); (-0.485191,0.754704) (0,0); (-0.486792,0.754598) (0,0)
(-0.486792,0.754598) (0,0); (-0.485191,0.754704) (0,0); (-0.479998,0.755023) (0,0); (-0.473639,0.755408) (0,0)
(-0.469434,0.755645) (0,0); (-0.459974,0.756176) (0,0); (-0.444723,0.756926) (0,0); (-0.430804,0.757545) (0,0)
(-0.422657,0.757852) (0,0); (-0.40593,0.758431) (0,0); (-0.381563,0.75901) (0,0); (-0.360939,0.759319) (0,0)
(-0.349342,0.759374) (0,0); (-0.326361,0.75936) (0,0); (-0.294317,0.75881) (0,0); (-0.268179,0.757981) (0,0)
(-0.253779,0.757256) (0,0); (-0.22589,0.755824) (0,0); (-0.188037,0.753298) (0,0); (-0.157903,0.75086) (0,0)
(-0.141546,0.749301) (0,0); (-0.110196,0.745974) (0,0); (-0.0683873,0.74063) (0,0); (-0.0356482,0.735764) (0,0)
(-0.0180569,0.732853) (0,0); (0.0153227,0.726834) (0,0); (0.0592559,0.717767) (0,0); (0.0932213,0.709887) (0,0)
(0.111342,0.705336) (0,0); (0.14546,0.69615) (0,0); (0.189946,0.682864) (0,0); (0.22402,0.671685) (0,0)
(-0.447664,0.895705) (0,0); (-0.492918,0.872811) (0,0); (-0.55069,0.84161) (0,0); (-0.593994,0.816678) (0,0)
(-0.616666,0.803109) (0,0); (-0.658511,0.777023) (0,0); (-0.711511,0.742156) (0,0); (-0.75091,0.714796) (0,0)
(-0.771412,0.700115) (0,0); (-0.809017,0.672242) (0,0); (-0.856171,0.635778) (0,0); (-0.890847,0.607755) (0,0)
(-0.908763,0.592956) (0,0); (-0.941336,0.565261) (0,0); (-0.981713,0.529934) (0,0); (-1.01103,0.503477) (0,0)
(-1.02616,0.489802) (0,0); (-1.05313,0.464493) (0,0); (-1.08572,0.432999) (0,0); (-1.10872,0.410032) (0,0)
(-1.12026,0.39838) (0,0); (-1.14057,0.377447) (0,0); (-1.16436,0.352501) (0,0); (-1.18051,0.335195) (0,0)
(-1.18835,0.326741) (0,0); (-1.20165,0.312203) (0,0); (-1.21615,0.296201) (0,0); (-1.22508,0.286211) (0,0)
(-1.22905,0.281768) (0,0); (-1.23502,0.275025) (0,0); (-1.23989,0.269513) (0,0); (-1.24139,0.267806) (0,0)
(-1.24139,0.267806) (0,0); (-1.23989,0.269513) (0,0); (-1.23502,0.275025) (0,0); (-1.22905,0.281768) (0,0)
(-1.22508,0.286211) (0,0); (-1.21615,0.296201) (0,0); (-1.20165,0.312203) (0,0); (-1.18835,0.326741) (0,0)
(-1.18051,0.335195) (0,0); (-1.16436,0.352501) (0,0); (-1.14057,0.377447) (0,0); (-1.12026,0.39838) (0,0)
(-1.10872,0.410032) (0,0); (-1.08572,0.432999) (0,0); (-1.05313,0.464493) (0,0); (-1.02616,0.489802) (0,0)
(-1.01103,0.503477) (0,0); (-0.981713,0.529934) (0,0); (-0.941336,0.565261) (0,0); (-0.908763,0.592956) (0,0)
(-0.890847,0.607755) (0,0); (-0.856171,0.635778) (0,0); (-0.809017,0.672242) (0,0); (-0.771412,0.700115) (0,0)
(-0.75091,0.714796) (0,0); (-0.711511,0.742156) (0,0); (-0.658511,0.777023) (0,0); (-0.616666,0.803109) (0,0)
(-0.593994,0.816678) (0,0); (-0.55069,0.84161) (0,0); (-0.492918,0.872811) (0,0); (-0.447664,0.895705) (0,0)
(0.351406,0.193308) (0,0); (0.340895,0.2111) (0,0); (0.325423,0.23376) (0,0); (0.312218,0.250704) (0,0)
(0.304738,0.259528) (0,0); (0.289829,0.275752) (0,0); (0.268843,0.296098) (0,0); (0.251583,0.311062) (0,0)
(0.242027,0.318776) (0,0); (0.223359,0.332796) (0,0); (0.19782,0.3501) (0,0); (0.177339,0.362605) (0,0)
(0.166182,0.368986) (0,0); (0.144709,0.380429) (0,0); (0.115957,0.394334) (0,0); (0.0933558,0.404205) (0,0)
(0.0811882,0.409232) (0,0); (0.0580446,0.418024) (0,0); (0.0276272,0.428398) (0,0); (0.00414402,0.43551) (0,0)
(-0.00832849,0.439029) (0,0); (-0.0317582,0.445092) (0,0); (-0.0619937,0.452042) (0,0); (-0.0849118,0.456633) (0,0)
(-0.0969308,0.458849) (0,0); (-0.119223,0.46254) (0,0); (-0.147428,0.466573) (0,0); (-0.168369,0.469063) (0,0)
(-0.179193,0.470217) (0,0); (-0.198969,0.472015) (0,0); (-0.223392,0.473802) (0,0); (-0.241055,0.474743) (0,0)
(-0.250012,0.475139) (0,0); (-0.266041,0.475636) (0,0); (-0.285167,0.475977) (0,0); (-0.298455,0.476004) (0,0)
(-0.304989,0.475983) (0,0); (-0.31628,0.475829) (0,0); (-0.328926,0.475579) (0,0); (-0.337021,0.475348) (0,0)
(-0.340729,0.475257) (0,0); (-0.346585,0.4751) (0,0); (-0.351965,0.475076) (0,0); (-0.354356,0.475195) (0,0)
(-0.354997,0.475338) (0,0); (-0.355033,0.475744) (0,0); (-0.352744,0.476596) (0,0); (-0.349199,0.477496) (0,0)
(-0.346656,0.478033) (0,0); (-0.340755,0.479397) (0,0); (-0.330777,0.481734) (0,0); (-0.321381,0.483952) (0,0)
(-0.315759,0.485275) (0,0); (-0.304053,0.488043) (0,0); (-0.286556,0.492173) (0,0); (-0.271441,0.495734) (0,0)
(-0.262797,0.497755) (0,0); (-0.245456,0.501803) (0,0); (-0.220684,0.507476) (0,0); (-0.200052,0.512123) (0,0)
(-0.188484,0.514664) (0,0); (-0.165694,0.519604) (0,0); (-0.13386,0.52618) (0,0); (-0.107852,0.53132) (0,0)
(-0.0494982,0.0828577) (0,0); (-0.053163,0.0814369) (0,0); (-0.0570001,0.0816359) (0,0); (-0.0592171,0.0833616) (0,0)
(-0.0602066,0.0848139) (0,0); (-0.0616448,0.0885877) (0,0); (-0.0628957,0.0952987) (0,0); (-0.0633749,0.101812) (0,0)
(-0.0635021,0.105661) (0,0); (-0.0634665,0.113718) (0,0); (-0.0629739,0.125332) (0,0); (-0.0622545,0.135078) (0,0)
(-0.0617618,0.140403) (0,0); (-0.0606262,0.150815) (0,0); (-0.0587188,0.164542) (0,0); (-0.0569306,0.175173) (0,0)
(-0.0558505,0.180703) (0,0); (-0.0535922,0.190936) (0,0); (-0.0501331,0.203345) (0,0); (-0.0470889,0.212134) (0,0)
(-0.0453089,0.216389) (0,0); (-0.041685,0.223723) (0,0); (-0.0363542,0.231483) (0,0); (-0.0318066,0.236042) (0,0)
(-0.0292167,0.237866) (0,0); (-0.0240361,0.240239) (0,0); (-0.0167033,0.241035) (0,0); (-0.0106433,0.239884) (0,0)
(-0.00728912,0.238622) (0,0); (-0.000718343,0.235033) (0,0); (0.00820432,0.228071) (0,0); (0.0153111,0.220988) (0,0)
(0.0191259,0.216664) (0,0); (0.0264104,0.207429) (0,0); (0.0358591,0.193603) (0,0); (0.0430585,0.181644) (0,0)
(0.0467917,0.174928) (0,0); (0.0536897,0.161536) (0,0); (0.0621527,0.143107) (0,0); (0.0682277,0.12825) (0,0)
(0.071237,0.12024) (0,0); (0.0765284,0.104876) (0,0); (0.0824908,0.084769) (0,0); (0.0863389,0.0693123) (0,0)
(0.0880847,0.0612076) (0,0); (0.0908241,0.0461138) (0,0); (0.0932621,0.0270912) (0,0); (0.0942597,0.0130254) (0,0)
(0.0944811,0.00580995) (0,0); (0.0943083,-0.00725595) (0,0); (0.0930222,-0.0231883) (0,0); (0.0912234,-0.034545) (0,0)
(0.0900199,-0.0402584) (0,0); (0.0872524,-0.0503687) (0,0); (0.0828638,-0.0623276) (0,0); (0.078904,-0.0705489) (0,0)
(0.07665,-0.0746014) (0,0); (0.0720838,-0.0815814) (0,0); (0.0657204,-0.0895287) (0,0); (0.0605322,-0.0947313) (0,0)
(0.0577223,-0.0972093) (0,0); (0.0523055,-0.101292) (0,0); (0.0451571,-0.105562) (0,0); (0.0396162,-0.108025) (0,0)
(-0.132356,0.0333594) (0,0); (-0.1346,0.0282739) (0,0); (-0.138636,0.0246358) (0,0); (-0.142579,0.0241445) (0,0)
(-0.145021,0.0246073) (0,0); (-0.150233,0.0269429) (0,0); (-0.158194,0.032403) (0,0); (-0.165187,0.0384372) (0,0)
(-0.169163,0.0421587) (0,0); (-0.177184,0.0502514) (0,0); (-0.188306,0.062358) (0,0); (-0.197332,0.0728234) (0,0)
(-0.202165,0.0786412) (0,0); (-0.211441,0.0901887) (0,0); (-0.223261,0.105824) (0,0); (-0.232104,0.118243) (0,0)
(-0.236553,0.124852) (0,0); (-0.244528,0.137344) (0,0); (-0.253478,0.153212) (0,0); (-0.259223,0.165045) (0,0)
(-0.261698,0.17108) (0,0); (-0.265408,0.182038) (0,0); (-0.267837,0.195128) (0,0); (-0.267849,0.204236) (0,0)
(-0.267082,0.208649) (0,0); (-0.264275,0.216203) (0,0); (-0.257739,0.224332) (0,0); (-0.250527,0.229241) (0,0)
(-0.245911,0.231333) (0,0); (-0.235752,0.234315) (0,0); (-0.219867,0.236276) (0,0); (-0.205677,0.236299) (0,0)
(-0.197538,0.23579) (0,0); (-0.181019,0.23384) (0,0); (-0.157744,0.229462) (0,0); (-0.138585,0.224702) (0,0)
(-0.128137,0.22172) (0,0); (-0.107846,0.215226) (0,0); (-0.0809541,0.20526) (0,0); (-0.0600218,0.196477) (0,0)
(-0.0490033,0.191477) (0,0); (-0.0283472,0.181404) (0,0); (-0.00227828,0.16726) (0,0); (0.0170266,0.155651) (0,0)
(0.0268771,0.149292) (0,0); (0.0447104,0.136938) (0,0); (0.0661709,0.120353) (0,0); (0.0812343,0.107285) (0,0)
(0.0886711,0.100291) (0,0); (0.101564,0.0870524) (0,0); (0.11621,0.0698339) (0,0); (0.125768,0.0566784) (0,0)
(0.130278,0.0497616) (0,0); (0.137621,0.0368837) (0,0); (0.145191,0.0205363) (0,0); (0.149453,0.00835518) (0,0)
(0.151251,0.00204851) (0,0); (0.153665,-0.00949757) (0,0); (0.155249,-0.0238083) (0,0); (0.155263,-0.0341991) (0,0)
(0.154932,-0.039487) (0,0); (0.153597,-0.0489861) (0,0); (0.150719,-0.0604046) (0,0); (0.147641,-0.0684089) (0,0)
