(0.042412,0.0208509) (0,0); (0.0416204,0.0224853) (0,0); (0.0405487,0.0246553) (0,0); (0.0396974,0.0263474) (0,0)
(0.0392322,0.0272583) (0,0); (0.0383384,0.0289857) (0,0); (0.037128,0.0312709) (0,0); (0.0361665,0.0330463) (0,0)
(0.0356412,0.0339995) (0,0); (0.0346321,0.0358032) (0,0); (0.0332668,0.0381802) (0,0); (0.0321831,0.0400203) (0,0)
(0.0315917,0.0410058) (0,0); (0.0304564,0.0428659) (0,0); (0.0289231,0.0453082) (0,0); (0.027708,0.0471919) (0,0)
(0.0270459,0.0481982) (0,0); (0.0257765,0.0500929) (0,0); (0.0240663,0.052571) (0,0); (0.0227141,0.0544751) (0,0)
(0.0219788,0.0554897) (0,0); (0.0205712,0.0573951) (0,0); (0.0186806,0.0598774) (0,0); (0.0171901,0.0617773) (0,0)
(0.0163814,0.0627869) (0,0); (0.0148365,0.064678) (0,0); (0.012769,0.0671318) (0,0); (0.0111448,0.0690022) (0,0)
(0.0102664,0.0699937) (0,0); (0.00859135,0.0718452) (0,0); (0.00636227,0.0742391) (0,0); (0.00462042,0.0760571) (0,0)
(0.00368648,0.0770211) (0,0); (0.00189426,0.078814) (0,0); (-0.000492756,0.0811191) (0,0); (-0.00235959,0.0828595) (0,0)
(-0.00336453,0.0837765) (0,0); (-0.005273,0.0854786) (0,0); (-0.00779842,0.0876573) (0,0); (-0.00976116,0.0892949) (0,0)
(-0.0108144,0.0901547) (0,0); (-0.0128071,0.0917453) (0,0); (-0.0154296,0.0937708) (0,0); (-0.0174567,0.095285) (0,0)
(-0.0185404,0.0960771) (0,0); (-0.0205831,0.097537) (0,0); (-0.0232552,0.0993856) (0,0); (-0.0253087,0.100759) (0,0)
(-0.0264016,0.101475) (0,0); (-0.0284533,0.102789) (0,0); (-0.031119,0.104443) (0,0); (-0.0331535,0.105664) (0,0)
(-0.0342309,0.106298) (0,0); (-0.0362439,0.107455) (0,0); (-0.0388384,0.108903) (0,0); (-0.0408025,0.109964) (0,0)
(-0.0418365,0.110513) (0,0); (-0.043757,0.111509) (0,0); (-0.0462083,0.112747) (0,0); (-0.0480455,0.113647) (0,0)
(-0.0490054,0.11411) (0,0); (-0.0507753,0.114947) (0,0); (-0.0530065,0.115978) (0,0); (-0.0546569,0.116722) (0,0)
(-0.0555108,0.117102) (0,0); (-0.0570695,0.117786) (0,0); (-0.0590015,0.118621) (0,0); (-0.0604043,0.119217) (0,0)
(-0.0611199,0.11952) (0,0); (-0.0624071,0.120061) (0,0); (-0.063962,0.120716) (0,0); (-0.0650584,0.121178) (0,0)
(-0.0656048,0.121411) (0,0); (-0.0665632,0.121824) (0,0); (-0.0676685,0.122317) (0,0); (-0.0684044,0.12266) (0,0)
(-0.0687537,0.122832) (0,0); (-0.0693321,0.123132) (0,0); (-0.0699242,0.123483) (0,0); (-0.0702536,0.123723) (0,0)
(-0.0703823,0.12384) (0,0); (-0.0705385,0.124042) (0,0); (-0.070567,0.124271) (0,0); (-0.0704544,0.12442) (0,0)
(-0.0703451,0.124491) (0,0); (-0.0700488,0.124607) (0,0); (-0.0694792,0.124727) (0,0); (-0.0689023,0.124794) (0,0)
(-0.0685446,0.124823) (0,0); (-0.0677791,0.12486) (0,0); (-0.0665958,0.124878) (0,0); (-0.0655474,0.124868) (0,0)
(-0.0649395,0.124854) (0,0); (-0.0637037,0.124813) (0,0); (-0.0619149,0.124725) (0,0); (-0.0604086,0.12463) (0,0)
(-0.0595673,0.124563) (0,0); (-0.0578795,0.124437) (0,0); (-0.0554942,0.124243) (0,0); (-0.0535256,0.124073) (0,0)
(-0.0524308,0.123972) (0,0); (-0.050286,0.123766) (0,0); (-0.0473222,0.123459) (0,0); (-0.0449239,0.123195) (0,0)
(-0.043604,0.123043) (0,0); (-0.0410455,0.122736) (0,0); (-0.0375593,0.12229) (0,0); (-0.0347737,0.121914) (0,0)
(-0.0332524,0.121699) (0,0); (-0.0303252,0.121273) (0,0); (-0.0263767,0.120662) (0,0); (-0.0232513,0.120154) (0,0)
(-0.0215543,0.119867) (0,0); (-0.0183071,0.1193) (0,0); (-0.0139607,0.1185) (0,0); (-0.0105454,0.117839) (0,0)
(-0.0086992,0.117468) (0,0); (-0.00518204,0.116741) (0,0); (-0.000502606,0.115722) (0,0); (0.00315331,0.114889) (0,0)
(0.00512277,0.114424) (0,0); (0.00886159,0.113516) (0,0); (0.0138126,0.112253) (0,0); (0.017663,0.111227) (0,0)
(0.0197318,0.110657) (0,0); (0.0236482,0.109549) (0,0); (0.0288154,0.108017) (0,0); (0.0328198,0.106779) (0,0)
(-0.361484,0.297534) (0,0); (-0.372716,0.284041) (0,0); (-0.387045,0.266616) (0,0); (-0.397779,0.253398) (0,0)
(-0.403415,0.246411) (0,0); (-0.413828,0.233398) (0,0); (-0.427106,0.216641) (0,0); (-0.437048,0.203967) (0,0)
(-0.442265,0.19728) (0,0); (-0.4519,0.184851) (0,0); (-0.464175,0.168891) (0,0); (-0.473357,0.156855) (0,0)
(-0.478171,0.150517) (0,0); (-0.487055,0.138759) (0,0); (-0.498356,0.123705) (0,0); (-0.506796,0.112386) (0,0)
(-0.511215,0.106437) (0,0); (-0.519361,0.0954246) (0,0); (-0.529702,0.0813679) (0,0); (-0.537406,0.0708331) (0,0)
(-0.541434,0.0653078) (0,0); (-0.548844,0.0551021) (0,0); (-0.558223,0.042119) (0,0); (-0.56519,0.0324231) (0,0)
(-0.568823,0.02735) (0,0); (-0.575493,0.0180027) (0,0); (-0.583903,0.0061588) (0,0); (-0.590126,-0.00264944) (0,0)
(-0.593363,-0.00724144) (0,0); (-0.599285,-0.0156834) (0,0); (-0.606727,-0.0263067) (0,0); (-0.612212,-0.034149) (0,0)
(-0.615075,-0.0381816) (0,0); (-0.620267,-0.045677) (0,0); (-0.626731,-0.0551437) (0,0); (-0.631446,-0.0621597) (0,0)
(-0.633878,-0.0658018) (0,0); (-0.638285,-0.0724695) (0,0); (-0.643728,-0.0808246) (0,0); (-0.647667,-0.0869646) (0,0)
(-0.649682,-0.0901417) (0,0); (-0.653308,-0.0959268) (0,0); (-0.657732,-0.103126) (0,0); (-0.660887,-0.108375) (0,0)
(-0.662485,-0.111078) (0,0); (-0.665326,-0.11597) (0,0); (-0.668725,-0.122004) (0,0); (-0.671094,-0.12636) (0,0)
(-0.672273,-0.128586) (0,0); (-0.674329,-0.132585) (0,0); (-0.676704,-0.137453) (0,0); (-0.678289,-0.140916) (0,0)
(-0.679051,-0.142667) (0,0); (-0.680325,-0.145774) (0,0); (-0.681684,-0.14948) (0,0); (-0.682494,-0.152052) (0,0)
(-0.682844,-0.153329) (0,0); (-0.683347,-0.155546) (0,0); (-0.683706,-0.158092) (0,0); (-0.683754,-0.159776) (0,0)
(-0.6837,-0.160578) (0,0); (-0.683448,-0.161907) (0,0); (-0.682831,-0.163293) (0,0); (-0.682137,-0.164088) (0,0)
(-0.68169,-0.164416) (0,0); (-0.680706,-0.164856) (0,0); (-0.679144,-0.165079) (0,0); (-0.677733,-0.164982) (0,0)
(-0.676907,-0.164836) (0,0); (-0.675218,-0.164382) (0,0); (-0.672747,-0.163438) (0,0); (-0.67065,-0.162445) (0,0)
(-0.669462,-0.16182) (0,0); (-0.6671,-0.160467) (0,0); (-0.663765,-0.158348) (0,0); (-0.661015,-0.156453) (0,0)
(-0.659484,-0.155346) (0,0); (-0.656484,-0.153088) (0,0); (-0.652333,-0.149785) (0,0); (-0.648969,-0.14698) (0,0)
(-0.647114,-0.145388) (0,0); (-0.643516,-0.142218) (0,0); (-0.638598,-0.137723) (0,0); (-0.634659,-0.134002) (0,0)
(-0.632503,-0.131921) (0,0); (-0.628345,-0.127833) (0,0); (-0.622714,-0.122139) (0,0); (-0.61824,-0.117499) (0,0)
(-0.615802,-0.114929) (0,0); (-0.611125,-0.109922) (0,0); (-0.604829,-0.103031) (0,0); (-0.599856,-0.097476) (0,0)
(-0.597154,-0.0944224) (0,0); (-0.591992,-0.0885039) (0,0); (-0.585066,-0.0804513) (0,0); (-0.579612,-0.0740259) (0,0)
(-0.576643,-0.070555) (0,0); (-0.571024,-0.063763) (0,0); (-0.563538,-0.0544928) (0,0); (-0.55768,-0.0470746) (0,0)
(-0.554513,-0.0430219) (0,0); (-0.548489,-0.0352157) (0,0); (-0.540468,-0.0246548) (0,0); (-0.534197,-0.0162722) (0,0)
(-0.530811,-0.0117053) (0,0); (-0.524377,-0.00294577) (0,0); (-0.515823,0.00884692) (0,0); (-0.509145,0.0181644) (0,0)
(-0.505542,0.0232264) (0,0); (-0.498701,0.032909) (0,0); (-0.489612,0.0458937) (0,0); (-0.482523,0.0561151) (0,0)
(-0.478699,0.061655) (0,0); (-0.471441,0.0722277) (0,0); (-0.461801,0.0863583) (0,0); (-0.454282,0.0974462) (0,0)
(-0.450226,0.103443) (0,0); (-0.442527,0.114865) (0,0); (-0.432296,0.130083) (0,0); (-0.424313,0.141991) (0,0)
(-0.420004,0.148418) (0,0); (-0.411822,0.160637) (0,0); (-0.40094,0.176871) (0,0); (-0.39244,0.189538) (0,0)
(-0.387848,0.196363) (0,0); (-0.379124,0.209314) (0,0); (-0.367504,0.226473) (0,0); (-0.358416,0.239826) (0,0)
(-0.0450829,0.0320599) (0,0); (-0.0462484,0.0305139) (0,0); (-0.0476621,0.0287952) (0,0); (-0.0486636,0.0277067) (0,0)
(-0.0491758,0.0272093) (0,0); (-0.050089,0.0264304) (0,0); (-0.0512131,0.025718) (0,0); (-0.052023,0.0254051) (0,0)
(-0.0524432,0.0253202) (0,0); (-0.0532034,0.025316) (0,0); (-0.0541633,0.0256076) (0,0); (-0.0548744,0.0260586) (0,0)
(-0.0552506,0.0263767) (0,0); (-0.0559455,0.027123) (0,0); (-0.0568498,0.0283745) (0,0); (-0.0575411,0.0295466) (0,0)
(-0.0579135,0.0302415) (0,0); (-0.0586154,0.0316833) (0,0); (-0.0595516,0.0338115) (0,0); (-0.0602847,0.0356322) (0,0)
(-0.0606842,0.0366624) (0,0); (-0.0614473,0.038716) (0,0); (-0.0624782,0.0416017) (0,0); (-0.0632954,0.0439716) (0,0)
(-0.0637422,0.0452817) (0,0); (-0.0646005,0.0478382) (0,0); (-0.0657624,0.0513307) (0,0); (-0.0666852,0.054128) (0,0)
(-0.0671883,0.0556518) (0,0); (-0.0681549,0.0585817) (0,0); (-0.0694551,0.0625098) (0,0); (-0.0704815,0.0656014) (0,0)
(-0.0710348,0.067275) (0,0); (-0.0721045,0.0704429) (0,0); (-0.0735409,0.0746076) (0,0); (-0.074673,0.0778238) (0,0)
(-0.0752844,0.0795365) (0,0); (-0.0764503,0.0827576) (0,0); (-0.0779973,0.0869341) (0,0); (-0.0792029,0.090115) (0,0)
(-0.0798493,0.0917917) (0,0); (-0.0810731,0.0949148) (0,0); (-0.0826788,0.0989034) (0,0); (-0.0839164,0.101894) (0,0)
(-0.084575,0.103454) (0,0); (-0.0858126,0.106328) (0,0); (-0.0874177,0.109937) (0,0); (-0.0886406,0.112594) (0,0)
(-0.0892862,0.113963) (0,0); (-0.0904897,0.116451) (0,0); (-0.0920317,0.119509) (0,0); (-0.093192,0.121709) (0,0)
(-0.0937993,0.122823) (0,0); (-0.0949216,0.124812) (0,0); (-0.0963405,0.127182) (0,0); (-0.0973933,0.128829) (0,0)
(-0.0979392,0.129641) (0,0); (-0.0989378,0.131045) (0,0); (-0.100181,0.132633) (0,0); (-0.101088,0.133663) (0,0)
(-0.101553,0.134143) (0,0); (-0.102394,0.134916) (0,0); (-0.10342,0.135673) (0,0); (-0.104152,0.136059) (0,0)
(-0.104522,0.136198) (0,0); (-0.105179,0.136329) (0,0); (-0.10596,0.136256) (0,0); (-0.1065,0.136013) (0,0)
(-0.106766,0.135821) (0,0); (-0.107225,0.135338) (0,0); (-0.107745,0.134486) (0,0); (-0.108083,0.133664) (0,0)
(-0.108242,0.133171) (0,0); (-0.108499,0.132139) (0,0); (-0.108755,0.130606) (0,0); (-0.108892,0.129288) (0,0)
(-0.108943,0.128543) (0,0); (-0.109001,0.127056) (0,0); (-0.109,0.124976) (0,0); (-0.108941,0.123274) (0,0)
(-0.10889,0.122338) (0,0); (-0.108756,0.120518) (0,0); (-0.108509,0.118054) (0,0); (-0.108264,0.116098) (0,0)
(-0.108115,0.115042) (0,0); (-0.107799,0.113024) (0,0); (-0.107318,0.110357) (0,0); (-0.106896,0.108288) (0,0)
(-0.106654,0.107187) (0,0); (-0.106164,0.105112) (0,0); (-0.105459,0.102427) (0,0); (-0.104867,0.100385) (0,0)
(-0.104535,0.099312) (0,0); (-0.103876,0.0973191) (0,0); (-0.102952,0.0947857) (0,0); (-0.102194,0.092895) (0,0)
(-0.101777,0.0919061) (0,0); (-0.100948,0.0901198) (0,0); (-0.0997872,0.0879173) (0,0); (-0.0988362,0.0863273) (0,0)
(-0.0983078,0.0855194) (0,0); (-0.0972754,0.0840737) (0,0); (-0.0958441,0.0823446) (0,0); (-0.0946825,0.0811398) (0,0)
(-0.0940388,0.0805455) (0,0); (-0.0927864,0.0795152) (0,0); (-0.091057,0.0783525) (0,0); (-0.0896585,0.0776005) (0,0)
(-0.0888848,0.0772523) (0,0); (-0.0873821,0.0766948) (0,0); (-0.0853115,0.0761633) (0,0); (-0.0836401,0.0759061) (0,0)
(-0.0827163,0.0758235) (0,0); (-0.0809241,0.07577) (0,0); (-0.0784579,0.0759002) (0,0); (-0.0764697,0.0761533) (0,0)
(-0.0753718,0.0763419) (0,0); (-0.0732434,0.0767978) (0,0); (-0.0703188,0.077587) (0,0); (-0.067964,0.078341) (0,0)
(-0.0666651,0.0787933) (0,0); (-0.064149,0.0797399) (0,0); (-0.0606974,0.081155) (0,0); (-0.0579224,0.0823778) (0,0)
(-0.0563938,0.0830747) (0,0); (-0.0534356,0.0844714) (0,0); (-0.0493857,0.086452) (0,0); (-0.0461356,0.0880913) (0,0)
(0.0378812,0.0664699) (0,0); (0.0353775,0.0679432) (0,0); (0.0321067,0.06989) (0,0); (0.0295965,0.0714008) (0,0)
(0.0282577,0.0722108) (0,0); (0.0257429,0.0737425) (0,0); (0.0224591,0.0757532) (0,0); (0.0199402,0.0773037) (0,0)
(0.0185983,0.0781296) (0,0); (0.0160794,0.079683) (0,0); (0.0127982,0.0816997) (0,0); (0.0102873,0.0832377) (0,0)
(0.00895295,0.0840494) (0,0); (0.00645338,0.0855633) (0,0); (0.00321154,0.0874988) (0,0); (0.000741703,0.0889519) (0,0)
(-0.000565785,0.0897093) (0,0); (-0.00300671,0.0911051) (0,0); (-0.00615218,0.0928529) (0,0); (-0.00853293,0.0941363) (0,0)
(-0.00978668,0.0947938) (0,0); (-0.0121158,0.0959846) (0,0); (-0.0150913,0.0974306) (0,0); (-0.0173233,0.0984565) (0,0)
(-0.0184907,0.098968) (0,0); (-0.0206449,0.0998675) (0,0); (-0.0233655,0.100903) (0,0); (-0.0253818,0.101591) (0,0)
(-0.0264264,0.101915) (0,0); (-0.0283374,0.102448) (0,0); (-0.030711,0.102983) (0,0); (-0.0324386,0.103271) (0,0)
(-0.0333172,0.103381) (0,0); (-0.0349191,0.103494) (0,0); (-0.0368776,0.103459) (0,0); (-0.0382781,0.103294) (0,0)
(-0.0389834,0.103156) (0,0); (-0.0402355,0.102805) (0,0); (-0.0417151,0.102163) (0,0); (-0.0427311,0.101532) (0,0)
(-0.0432278,0.101146) (0,0); (-0.0440785,0.100331) (0,0); (-0.0450211,0.0990926) (0,0); (-0.0456154,0.0980102) (0,0)
(-0.0458852,0.0973892) (0,0); (-0.0463047,0.0961375) (0,0); (-0.0466795,0.0943503) (0,0); (-0.0468344,0.0928625) (0,0)
(-0.0468701,0.0920331) (0,0); (-0.0468489,0.0904021) (0,0); (-0.0466513,0.0881507) (0,0); (-0.0463697,0.0863304) (0,0)
(-0.046175,0.0853336) (0,0); (-0.0457242,0.0834057) (0,0); (-0.0449766,0.0808052) (0,0); (-0.0442816,0.0787468) (0,0)
(-0.043871,0.0776347) (0,0); (-0.0430213,0.0755109) (0,0); (-0.0417711,0.0726979) (0,0); (-0.0407043,0.0705097) (0,0)
(-0.0401014,0.0693405) (0,0); (-0.0389011,0.0671322) (0,0); (-0.0372166,0.0642533) (0,0); (-0.0358347,0.0620485) (0,0)
(-0.0350709,0.0608822) (0,0); (-0.0335814,0.0587019) (0,0); (-0.0315465,0.0559012) (0,0); (-0.0299167,0.0537884) (0,0)
(-0.0290286,0.0526816) (0,0); (-0.0273199,0.0506335) (0,0); (-0.0250276,0.0480412) (0,0); (-0.0232224,0.0461156) (0,0)
(-0.0222487,0.0451167) (0,0); (-0.020394,0.0432884) (0,0); (-0.0179393,0.0410099) (0,0); (-0.0160313,0.0393455) (0,0)
(-0.01501,0.0384913) (0,0); (-0.0130803,0.0369466) (0,0); (-0.0105537,0.0350545) (0,0); (-0.00861028,0.0336988) (0,0)
(-0.00757654,0.0330112) (0,0); (-0.00563612,0.0317858) (0,0); (-0.00311752,0.0303145) (0,0); (-0.0011972,0.0292846) (0,0)
(-0.000180911,0.0287697) (0,0); (0.00171622,0.0278683) (0,0); (0.00416093,0.0268121) (0,0); (0.00601129,0.0260944) (0,0)
(0.00698647,0.0257416) (0,0); (0.00879839,0.0251385) (0,0); (0.0111193,0.0244527) (0,0); (0.0128651,0.0240044) (0,0)
(0.0137817,0.0237881) (0,0); (0.0154786,0.0234299) (0,0); (0.0176398,0.0230352) (0,0); (0.0192557,0.0227884) (0,0)
(0.0200982,0.0226708) (0,0); (0.0216573,0.0224811) (0,0); (0.0236392,0.0222695) (0,0); (0.0251183,0.0221348) (0,0)
(0.0258911,0.0220655) (0,0); (0.0273137,0.0219475) (0,0); (0.0291133,0.0217896) (0,0); (0.0304494,0.0216655) (0,0)
(0.0311455,0.0215907) (0,0); (0.0324227,0.0214417) (0,0); (0.0340302,0.0212028) (0,0); (0.0352171,0.0209855) (0,0)
(0.035833,0.0208503) (0,0); (0.0369583,0.0205673) (0,0); (0.0383638,0.0201157) (0,0); (0.0393931,0.0197064) (0,0)
(0.0399236,0.0194596) (0,0); (0.0408863,0.0189485) (0,0); (0.0420733,0.0181673) (0,0); (0.0429301,0.0174811) (0,0)
(0.0433662,0.0170795) (0,0); (0.044148,0.0162632) (0,0); (0.0450886,0.0150611) (0,0); (0.0457487,0.0140348) (0,0)
(0.0460764,0.013448) (0,0); (0.0466489,0.012274) (0,0); (0.0473022,0.0105945) (0,0); (0.0477309,0.00919397) (0,0)
(0.0479308,0.00840724) (0,0); (0.0482554,0.00685462) (0,0); (0.0485674,0.0046839) (0,0); (0.0487209,0.00290902) (0,0)
(0.238163,0.375744) (0,0); (0.224142,0.384771) (0,0); (0.20609,0.396304) (0,0); (0.192438,0.404956) (0,0)
(0.185235,0.409505) (0,0); (0.171847,0.417921) (0,0); (0.154651,0.428682) (0,0); (0.141681,0.436762) (0,0)
(0.134848,0.441012) (0,0); (0.12217,0.448879) (0,0); (0.105927,0.458943) (0,0); (0.0937064,0.466503) (0,0)
(0.0872796,0.470479) (0,0); (0.0753757,0.477842) (0,0); (0.0601649,0.487259) (0,0); (0.0487523,0.494333) (0,0)
(0.042761,0.498052) (0,0); (0.0316848,0.504937) (0,0); (0.017572,0.513736) (0,0); (0.00701468,0.52034) (0,0)
(0.0014836,0.52381) (0,0); (-0.0087203,0.530228) (0,0); (-0.0216794,0.538418) (0,0); (-0.0313405,0.544554) (0,0)
(-0.03639,0.547774) (0,0); (-0.0456826,0.553723) (0,0); (-0.0574372,0.561297) (0,0); (-0.0661633,0.566959) (0,0)
(-0.0707073,0.569926) (0,0); (-0.0790499,0.575394) (0,0); (-0.0895291,0.582348) (0,0); (-0.0972499,0.587538) (0,0)
(-0.101216,0.590274) (0,0); (-0.108573,0.595271) (0,0); (-0.11784,0.601568) (0,0); (-0.124688,0.606225) (0,0)
(-0.128236,0.60865) (0,0); (-0.134718,0.613087) (0,0); (-0.142812,0.618655) (0,0); (-0.148737,0.622752) (0,0)
(-0.151795,0.624873) (0,0); (-0.157345,0.628737) (0,0); (-0.164217,0.633545) (0,0); (-0.169201,0.637051) (0,0)
(-0.171755,0.638853) (0,0); (-0.176359,0.642112) (0,0); (-0.181993,0.646118) (0,0); (-0.186024,0.648999) (0,0)
(-0.188071,0.650465) (0,0); (-0.19172,0.653088) (0,0); (-0.196107,0.656252) (0,0); (-0.199181,0.658478) (0,0)
(-0.200718,0.659593) (0,0); (-0.203409,0.661551) (0,0); (-0.206544,0.663837) (0,0); (-0.208659,0.665384) (0,0)
(-0.209683,0.666134) (0,0); (-0.211414,0.667405) (0,0); (-0.213296,0.668787) (0,0); (-0.214449,0.669637) (0,0)
(-0.214962,0.670015) (0,0); (-0.215731,0.670582) (0,0); (-0.216359,0.671045) (0,0); (-0.216551,0.671187) (0,0)
(-0.216551,0.671187) (0,0); (-0.216359,0.671045) (0,0); (-0.215731,0.670582) (0,0); (-0.214962,0.670015) (0,0)
(-0.214449,0.669637) (0,0); (-0.213296,0.668787) (0,0); (-0.211414,0.667405) (0,0); (-0.209683,0.666134) (0,0)
(-0.208659,0.665384) (0,0); (-0.206544,0.663837) (0,0); (-0.203409,0.661551) (0,0); (-0.200718,0.659593) (0,0)
(-0.199181,0.658478) (0,0); (-0.196107,0.656252) (0,0); (-0.19172,0.653088) (0,0); (-0.188071,0.650465) (0,0)
(-0.186024,0.648999) (0,0); (-0.181993,0.646118) (0,0); (-0.176359,0.642112) (0,0); (-0.171755,0.638853) (0,0)
(-0.169201,0.637051) (0,0); (-0.164217,0.633545) (0,0); (-0.157345,0.628737) (0,0); (-0.151795,0.624873) (0,0)
(-0.148737,0.622752) (0,0); (-0.142812,0.618655) (0,0); (-0.134718,0.613087) (0,0); (-0.128236,0.60865) (0,0)
(-0.124688,0.606225) (0,0); (-0.11784,0.601568) (0,0); (-0.108573,0.595271) (0,0); (-0.101216,0.590274) (0,0)
(-0.0972499,0.587538) (0,0); (-0.0895291,0.582348) (0,0); (-0.0790499,0.575394) (0,0); (-0.0707073,0.569926) (0,0)
(-0.0661633,0.566959) (0,0); (-0.0574372,0.561297) (0,0); (-0.0456826,0.553723) (0,0); (-0.03639,0.547774) (0,0)
(-0.0313405,0.544554) (0,0); (-0.0216794,0.538418) (0,0); (-0.0087203,0.530228) (0,0); (0.0014836,0.52381) (0,0)
(0.00701468,0.52034) (0,0); (0.017572,0.513736) (0,0); (0.0316848,0.504937) (0,0); (0.042761,0.498052) (0,0)
(0.0487523,0.494333) (0,0); (0.0601649,0.487259) (0,0); (0.0753757,0.477842) (0,0); (0.0872796,0.470479) (0,0)
(0.0937064,0.466503) (0,0); (0.105927,0.458943) (0,0); (0.12217,0.448879) (0,0); (0.134848,0.441012) (0,0)
(0.141681,0.436762) (0,0); (0.154651,0.428682) (0,0); (0.171847,0.417921) (0,0); (0.185235,0.409505) (0,0)
(0.192438,0.404956) (0,0); (0.20609,0.396304) (0,0); (0.224142,0.384771) (0,0); (0.238163,0.375744) (0,0)
(0.0299553,0.0662822) (0,0); (0.0275923,0.0673717) (0,0); (0.0247818,0.0686755) (0,0); (0.0228365,0.0695845) (0,0)
(0.0218759,0.0700438) (0,0); (0.0202146,0.0708516) (0,0); (0.018327,0.0718236) (0,0); (0.0170947,0.0725056) (0,0)
(0.0165138,0.0728529) (0,0); (0.0155667,0.0734682) (0,0); (0.0146061,0.0742205) (0,0); (0.0140808,0.0747583) (0,0)
(0.013873,0.0750362) (0,0); (0.0136219,0.0755368) (0,0); (0.0135529,0.076165) (0,0); (0.0136983,0.0766276) (0,0)
(0.0138415,0.0768713) (0,0); (0.0142387,0.0773197) (0,0); (0.0149882,0.0778991) (0,0); (0.01574,0.0783389) (0,0)
(0.016197,0.0785744) (0,0); (0.0171675,0.079016) (0,0); (0.0186281,0.0795984) (0,0); (0.0198964,0.0800496) (0,0)
(0.0206171,0.080293) (0,0); (0.0220618,0.0807543) (0,0); (0.0240962,0.081367) (0,0); (0.02577,0.0818448) (0,0)
(0.0266937,0.0821022) (0,0); (0.0284945,0.082591) (0,0); (0.030946,0.0832368) (0,0); (0.0329033,0.083738) (0,0)
(0.0339717,0.0840054) (0,0); (0.0360021,0.0845139) (0,0); (0.0386842,0.0851803) (0,0); (0.0407651,0.0856934) (0,0)
(0.0418741,0.0859654) (0,0); (0.0439639,0.0864756) (0,0); (0.0466709,0.0871317) (0,0); (0.0487307,0.0876272) (0,0)
(0.0498127,0.087886) (0,0); (0.0518242,0.0883643) (0,0); (0.0543744,0.0889639) (0,0); (0.0562723,0.0894048) (0,0)
(0.057254,0.0896302) (0,0); (0.0590497,0.0900382) (0,0); (0.0612688,0.0905308) (0,0); (0.0628748,0.0908779) (0,0)
(0.0636887,0.0910494) (0,0); (0.0651454,0.0913487) (0,0); (0.0668805,0.0916857) (0,0); (0.0680836,0.0919032) (0,0)
(0.0686734,0.0920025) (0,0); (0.0696898,0.0921597) (0,0); (0.0708195,0.0923012) (0,0); (0.0715349,0.092361) (0,0)
(0.0718587,0.0923744) (0,0); (0.072362,0.0923656) (0,0); (0.0728041,0.0922854) (0,0); (0.0729784,0.0921711) (0,0)
(0.0730115,0.0920912) (0,0); (0.0729621,0.0919057) (0,0); (0.0726785,0.0915951) (0,0); (0.0722932,0.0913043) (0,0)
(0.0720295,0.0911316) (0,0); (0.071423,0.0907729) (0,0); (0.0704221,0.0902424) (0,0); (0.0694943,0.0897879) (0,0)
(0.0689465,0.0895306) (0,0); (0.0678141,0.0890172) (0,0); (0.0661496,0.0882963) (0,0); (0.0647305,0.0877046) (0,0)
(0.0639293,0.0873781) (0,0); (0.0623349,0.0867417) (0,0); (0.0601017,0.085876) (0,0); (0.058273,0.0851854) (0,0)
(0.0572646,0.0848111) (0,0); (0.0553005,0.0840935) (0,0); (0.0526283,0.0831403) (0,0); (0.0504962,0.0823968) (0,0)
(0.0493391,0.0819996) (0,0); (0.0471196,0.0812486) (0,0); (0.0441635,0.0802712) (0,0); (0.0418518,0.0795238) (0,0)
(0.0406132,0.0791296) (0,0); (0.0382667,0.0783941) (0,0); (0.0351975,0.0774547) (0,0); (0.0328393,0.0767503) (0,0)
(0.0315904,0.0763834) (0,0); (0.0292514,0.0757079) (0,0); (0.0262442,0.0748615) (0,0); (0.0239735,0.0742396) (0,0)
(0.0227844,0.0739198) (0,0); (0.0205851,0.0733397) (0,0); (0.0178061,0.0726275) (0,0); (0.0157453,0.0721158) (0,0)
(0.0146753,0.0718565) (0,0); (0.0127402,0.0713935) (0,0); (0.0103618,0.0708363) (0,0); (0.0086511,0.0704451) (0,0)
(0.00778498,0.0702492) (0,0); (0.0062401,0.0699056) (0,0); (0.00440416,0.0695013) (0,0); (0.00313474,0.069225) (0,0)
(0.00251285,0.0690882) (0,0); (0.00144283,0.0688529) (0,0); (0.000255289,0.0685798) (0,0); (-0.000495066,0.0683966) (0,0)
(-0.000833975,0.0683054) (0,0); (-0.00135952,0.0681495) (0,0); (-0.00181591,0.0679636) (0,0); (-0.00198998,0.0678344) (0,0)
(-0.00201769,0.0677664) (0,0); (-0.00195004,0.0676447) (0,0); (-0.00161999,0.0674811) (0,0); (-0.00118172,0.0673521) (0,0)
(-0.000881228,0.0672773) (0,0); (-0.000192632,0.0671306) (0,0); (0.000952165,0.0669077) (0,0); (0.00201842,0.0667127) (0,0)
(0.00265343,0.0665948) (0,0); (0.00397086,0.0663529) (0,0); (0.00593341,0.0659759) (0,0); (0.00762435,0.0656398) (0,0)
(0.00859023,0.0654382) (0,0); (0.010526,0.0650234) (0,0); (0.0132859,0.0643888) (0,0); (0.0155807,0.0638308) (0,0)
(-0.0363269,0.0962375) (0,0); (-0.0397794,0.094964) (0,0); (-0.0438937,0.0934573) (0,0); (-0.046748,0.092421) (0,0)
(-0.0481679,0.0919197) (0,0); (-0.050637,0.0910663) (0,0); (-0.0534966,0.0901505) (0,0); (-0.0554109,0.0896003) (0,0)
(-0.0563391,0.0893666) (0,0); (-0.0579015,0.0890349) (0,0); (-0.0596143,0.0888266) (0,0); (-0.0606775,0.088839) (0,0)
(-0.0611632,0.0889093) (0,0); (-0.0619148,0.0891587) (0,0); (-0.0626121,0.089718) (0,0); (-0.0629293,0.0903259) (0,0)
(-0.0630298,0.0907128) (0,0); (-0.063081,0.0915584) (0,0); (-0.0629109,0.0928873) (0,0); (-0.0625989,0.0940789) (0,0)
(-0.0623774,0.0947714) (0,0); (-0.0618484,0.0961835) (0,0); (-0.0609703,0.0982265) (0,0); (-0.0601532,0.099946) (0,0)
(-0.0596759,0.10091) (0,0); (-0.0586925,0.102816) (0,0); (-0.0572707,0.105463) (0,0); (-0.0560748,0.107615) (0,0)
(-0.0554085,0.108796) (0,0); (-0.0540966,0.111085) (0,0); (-0.0522908,0.114183) (0,0); (-0.0508346,0.116641) (0,0)
(-0.0500337,0.117977) (0,0); (-0.0485118,0.120516) (0,0); (-0.0464961,0.123864) (0,0); (-0.0449283,0.126458) (0,0)
(-0.0440913,0.12784) (0,0); (-0.0425117,0.13044) (0,0); (-0.0404608,0.133803) (0,0); (-0.0388966,0.136358) (0,0)
(-0.0380732,0.137699) (0,0); (-0.0365402,0.140188) (0,0); (-0.0345895,0.143338) (0,0); (-0.0331325,0.145677) (0,0)
(-0.0323762,0.146884) (0,0); (-0.0309885,0.149088) (0,0); (-0.0292619,0.1518) (0,0); (-0.0280031,0.153753) (0,0)
(-0.0273607,0.154738) (0,0); (-0.0262033,0.156494) (0,0); (-0.0248052,0.158566) (0,0); (-0.0238196,0.159987) (0,0)
(-0.0233291,0.160676) (0,0); (-0.0224699,0.161849) (0,0); (-0.0214817,0.163121) (0,0); (-0.0208261,0.163896) (0,0)
(-0.0205157,0.164233) (0,0); (-0.0200037,0.164728) (0,0); (-0.0194813,0.165089) (0,0); (-0.0191927,0.16515) (0,0)
(-0.0190798,0.165103) (0,0); (-0.0189437,0.164868) (0,0); (-0.0189166,0.164274) (0,0); (-0.0190111,0.163598) (0,0)
(-0.0191022,0.163161) (0,0); (-0.0193499,0.162196) (0,0); (-0.0198203,0.160665) (0,0); (-0.0202936,0.159282) (0,0)
(-0.0205841,0.158477) (0,0); (-0.0212031,0.156831) (0,0); (-0.0221467,0.154446) (0,0); (-0.0229741,0.152435) (0,0)
(-0.0234489,0.151307) (0,0); (-0.0244069,0.149077) (0,0); (-0.0257743,0.145978) (0,0); (-0.0269124,0.143458) (0,0)
(-0.0275465,0.142076) (0,0); (-0.028793,0.139394) (0,0); (-0.030512,0.135769) (0,0); (-0.0319006,0.132893) (0,0)
(-0.0326604,0.131339) (0,0); (-0.0341291,0.128368) (0,0); (-0.0361076,0.124435) (0,0); (-0.037672,0.121376) (0,0)
(-0.0385163,0.119743) (0,0); (-0.0401274,0.116661) (0,0); (-0.0422572,0.112652) (0,0); (-0.043911,0.10959) (0,0)
(-0.044793,0.107974) (0,0); (-0.0464565,0.104959) (0,0); (-0.0486173,0.101106) (0,0); (-0.0502661,0.0982131) (0,0)
(-0.0511354,0.0967042) (0,0); (-0.0527545,0.0939248) (0,0); (-0.0548214,0.0904335) (0,0); (-0.0563705,0.0878611) (0,0)
(-0.0571812,0.0865318) (0,0); (-0.0586534,0.0841337) (0,0); (-0.0604745,0.081198) (0,0); (-0.061794,0.0790962) (0,0)
(-0.0624642,0.0780342) (0,0); (-0.0636655,0.0761457) (0,0); (-0.0650971,0.0739054) (0,0); (-0.0660902,0.0723597) (0,0)
(-0.0665753,0.071601) (0,0); (-0.0674101,0.0702957) (0,0); (-0.0683246,0.0688351) (0,0); (-0.0688916,0.0679015) (0,0)
(-0.0691394,0.0674714) (0,0); (-0.069509,0.06679) (0,0); (-0.0697795,0.0661476) (0,0); (-0.0698244,0.0658444) (0,0)
(-0.0697841,0.0657487) (0,0); (-0.0695947,0.0656947) (0,0); (-0.0691011,0.0658612) (0,0); (-0.0685339,0.0661704) (0,0)
(-0.0681585,0.0663961) (0,0); (-0.0673232,0.0669379) (0,0); (-0.0659555,0.0678598) (0,0); (-0.0646942,0.0687311) (0,0)
(-0.0639413,0.0692482) (0,0); (-0.062382,0.0703238) (0,0); (-0.0600425,0.0719093) (0,0); (-0.0580155,0.0732642) (0,0)
(-0.0568479,0.0740284) (0,0); (-0.0544974,0.0755494) (0,0); (-0.0511029,0.0776747) (0,0); (-0.04825,0.0794115) (0,0)
(0.247456,0.402375) (0,0); (0.232446,0.411778) (0,0); (0.213134,0.423829) (0,0); (0.198539,0.432899) (0,0)
(0.190841,0.437677) (0,0); (0.176539,0.446538) (0,0); (0.158181,0.4579) (0,0); (0.144342,0.466457) (0,0)
(0.137054,0.470964) (0,0); (0.123538,0.479322) (0,0); (0.106235,0.490031) (0,0); (0.093228,0.498089) (0,0)
(0.0863919,0.502328) (0,0); (0.0737378,0.510183) (0,0); (0.0575892,0.520223) (0,0); (0.045489,0.527758) (0,0)
(0.0391444,0.531713) (0,0); (0.0274278,0.539027) (0,0); (0.0125315,0.548338) (0,0); (0.00141388,0.555298) (0,0)
(-0.0043992,0.558938) (0,0); (-0.0151036,0.565648) (0,0); (-0.02865,0.574143) (0,0); (-0.0387108,0.580453) (0,0)
(-0.0439529,0.58374) (0,0); (-0.0535712,0.589769) (0,0); (-0.0656713,0.597344) (0,0); (-0.0746014,0.602927) (0,0)
(-0.07923,0.60582) (0,0); (-0.0876891,0.61109) (0,0); (-0.098228,0.617659) (0,0); (-0.105924,0.622458) (0,0)
(-0.109849,0.624949) (0,0); (-0.117083,0.629416) (0,0); (-0.126093,0.634881) (0,0); (-0.13267,0.638792) (0,0)
(-0.136045,0.64078) (0,0); (-0.142152,0.644324) (0,0); (-0.149655,0.648582) (0,0); (-0.15505,0.651564) (0,0)
(-0.157798,0.653052) (0,0); (-0.162715,0.655656) (0,0); (-0.168662,0.658682) (0,0); (-0.172861,0.660715) (0,0)
(-0.174972,0.661698) (0,0); (-0.178695,0.663353) (0,0); (-0.18309,0.665144) (0,0); (-0.186105,0.666236) (0,0)
(-0.187588,0.666721) (0,0); (-0.190137,0.667444) (0,0); (-0.193016,0.668038) (0,0); (-0.194879,0.668224) (0,0)
(-0.195753,0.668232) (0,0); (-0.197169,0.668072) (0,0); (-0.19859,0.667539) (0,0); (-0.199351,0.666881) (0,0)
(-0.199645,0.666449) (0,0); (-0.199982,0.665477) (0,0); (-0.20002,0.663919) (0,0); (-0.199741,0.662503) (0,0)
(-0.199488,0.661676) (0,0); (-0.198812,0.659984) (0,0); (-0.197554,0.657526) (0,0); (-0.196303,0.65545) (0,0)
(-0.195539,0.654284) (0,0); (-0.193919,0.651975) (0,0); (-0.191457,0.648753) (0,0); (-0.189303,0.646124) (0,0)
(-0.188065,0.644675) (0,0); (-0.185569,0.641855) (0,0); (-0.181988,0.638007) (0,0); (-0.178996,0.63493) (0,0)
(-0.177318,0.633251) (0,0); (-0.174007,0.630022) (0,0); (-0.169385,0.625676) (0,0); (-0.16561,0.622244) (0,0)
(-0.163519,0.620385) (0,0); (-0.159445,0.616834) (0,0); (-0.153842,0.612097) (0,0); (-0.149328,0.608386) (0,0)
(-0.146847,0.606385) (0,0); (-0.142047,0.60258) (0,0); (-0.135508,0.59753) (0,0); (-0.130284,0.593594) (0,0)
(-0.127426,0.591475) (0,0); (-0.121924,0.587457) (0,0); (-0.114475,0.582138) (0,0); (-0.108559,0.578) (0,0)
(-0.105333,0.575774) (0,0); (-0.0991418,0.571557) (0,0); (-0.0907971,0.565972) (0,0); (-0.0841966,0.561628) (0,0)
(-0.0806098,0.559286) (0,0); (-0.0737369,0.554851) (0,0); (-0.0645246,0.548957) (0,0); (-0.0572762,0.544356) (0,0)
(-0.0533873,0.541858) (0,0); (-0.0458598,0.537157) (0,0); (-0.0357125,0.530912) (0,0); (-0.0276852,0.52604) (0,0)
(-0.0233284,0.523402) (0,0); (-0.0149921,0.518389) (0,0); (-0.00381295,0.511691) (0,0); (0.00498714,0.506437) (0,0)
(0.00975798,0.503588) (0,0); (0.0188641,0.498154) (0,0); (0.0310424,0.490867) (0,0); (0.0406046,0.48513) (0,0)
(0.0457798,0.482012) (0,0); (0.055642,0.476052) (0,0); (0.0687983,0.468037) (0,0); (0.0791033,0.461711) (0,0)
(0.0846709,0.458266) (0,0); (0.095264,0.451672) (0,0); (0.109358,0.442787) (0,0); (0.120369,0.43576) (0,0)
(0.126307,0.431931) (0,0); (0.137585,0.424595) (0,0); (0.152548,0.4147) (0,0); (0.164205,0.406869) (0,0)
(0.170478,0.402601) (0,0); (0.182371,0.394421) (0,0); (0.198099,0.38339) (0,0); (0.210315,0.37466) (0,0)
(0.216874,0.369905) (0,0); (0.229283,0.360794) (0,0); (0.245636,0.348519) (0,0); (0.258296,0.338814) (0,0)
(-0.349112,0.22887) (0,0); (-0.357764,0.215838) (0,0); (-0.368779,0.199046) (0,0); (-0.377012,0.186338) (0,0)
(-0.381332,0.179629) (0,0); (-0.389303,0.167154) (0,0); (-0.399464,0.151122) (0,0); (-0.407067,0.13902) (0,0)
(-0.41106,0.132641) (0,0); (-0.418436,0.120801) (0,0); (-0.427855,0.105618) (0,0); (-0.434916,0.0941849) (0,0)
(-0.43863,0.0881673) (0,0); (-0.445501,0.0770136) (0,0); (-0.454296,0.0627407) (0,0); (-0.460907,0.0520155) (0,0)
(-0.464391,0.0463775) (0,0); (-0.470847,0.0359418) (0,0); (-0.479135,0.0226124) (0,0); (-0.485383,0.0126155) (0,0)
(-0.488681,0.00736639) (0,0); (-0.494807,-0.00233704) (0,0); (-0.502693,-0.0147089) (0,0); (-0.508656,-0.0239702) (0,0)
(-0.511809,-0.028827) (0,0); (-0.517677,-0.0377939) (0,0); (-0.52525,-0.0492031) (0,0); (-0.530991,-0.0577252) (0,0)
(-0.534033,-0.0621845) (0,0); (-0.539699,-0.0704108) (0,0); (-0.547037,-0.0808302) (0,0); (-0.552618,-0.0885757) (0,0)
(-0.5556,-0.0925837) (0,0); (-0.561126,-0.100063) (0,0); (-0.568256,-0.109587) (0,0); (-0.573658,-0.116707) (0,0)
(-0.576519,-0.120428) (0,0); (-0.58185,-0.127284) (0,0); (-0.588727,-0.135969) (0,0); (-0.593939,-0.142425) (0,0)
(-0.596693,-0.145792) (0,0); (-0.601818,-0.151976) (0,0); (-0.608409,-0.159773) (0,0); (-0.613386,-0.165541) (0,0)
(-0.616007,-0.168539) (0,0); (-0.620872,-0.174024) (0,0); (-0.627092,-0.180895) (0,0); (-0.631763,-0.185944) (0,0)
(-0.63421,-0.188554) (0,0); (-0.638732,-0.193304) (0,0); (-0.644466,-0.199198) (0,0); (-0.648733,-0.203484) (0,0)
(-0.650954,-0.205682) (0,0); (-0.655029,-0.209648) (0,0); (-0.660135,-0.214498) (0,0); (-0.663887,-0.217967) (0,0)
(-0.66582,-0.219722) (0,0); (-0.669332,-0.222846) (0,0); (-0.673656,-0.226571) (0,0); (-0.676772,-0.229158) (0,0)
(-0.678353,-0.230436) (0,0); (-0.68118,-0.232651) (0,0); (-0.684564,-0.235163) (0,0); (-0.686923,-0.236798) (0,0)
(-0.68809,-0.237562) (0,0); (-0.690115,-0.238798) (0,0); (-0.692411,-0.240005) (0,0); (-0.693905,-0.240621) (0,0)
(-0.6946,-0.240834) (0,0); (-0.69572,-0.241023) (0,0); (-0.696802,-0.24084) (0,0); (-0.697339,-0.24037) (0,0)
(-0.697517,-0.24) (0,0); (-0.697652,-0.239081) (0,0); (-0.697425,-0.237433) (0,0); (-0.696942,-0.235825) (0,0)
(-0.696572,-0.234844) (0,0); (-0.69567,-0.232769) (0,0); (-0.69408,-0.229599) (0,0); (-0.692544,-0.226814) (0,0)
(-0.691614,-0.225202) (0,0); (-0.689657,-0.221939) (0,0); (-0.686695,-0.217211) (0,0); (-0.684111,-0.213227) (0,0)
(-0.682626,-0.210976) (0,0); (-0.679633,-0.206511) (0,0); (-0.675337,-0.200216) (0,0); (-0.671745,-0.195031) (0,0)
(-0.669729,-0.192142) (0,0); (-0.665752,-0.186482) (0,0); (-0.660202,-0.178639) (0,0); (-0.655672,-0.172276) (0,0)
(-0.653164,-0.168767) (0,0); (-0.648285,-0.161943) (0,0); (-0.641584,-0.152622) (0,0); (-0.636193,-0.145157) (0,0)
(-0.633218,-0.141112) (0,0); (-0.627538,-0.133198) (0,0); (-0.619877,-0.122387) (0,0); (-0.613813,-0.113729) (0,0)
(-0.610516,-0.108998) (0,0); (-0.604205,-0.0998823) (0,0); (-0.595754,-0.0875522) (0,0); (-0.589111,-0.0777671) (0,0)
(-0.585521,-0.0724391) (0,0); (-0.578682,-0.0622229) (0,0); (-0.569589,-0.0484831) (0,0); (-0.56249,-0.0376374) (0,0)
(-0.558669,-0.0317504) (0,0); (-0.55142,-0.020498) (0,0); (-0.541836,-0.00542872) (0,0); (-0.534394,0.00641858) (0,0)
(-0.5304,0.0128336) (0,0); (-0.522847,0.0250659) (0,0); (-0.512897,0.0413937) (0,0); (-0.505199,0.0541901) (0,0)
(-0.501074,0.061106) (0,0); (-0.493291,0.0742682) (0,0); (-0.483058,0.0917917) (0,0); (-0.475155,0.105491) (0,0)
(-0.470923,0.112884) (0,0); (-0.462943,0.126932) (0,0); (-0.452451,0.145595) (0,0); (-0.444349,0.160156) (0,0)
(-0.440006,0.168003) (0,0); (-0.431814,0.182897) (0,0); (-0.421023,0.202648) (0,0); (-0.412673,0.21803) (0,0)
(-0.34949,0.250614) (0,0); (-0.35899,0.237605) (0,0); (-0.371164,0.220897) (0,0); (-0.380326,0.208294) (0,0)
(-0.385154,0.201655) (0,0); (-0.394107,0.189338) (0,0); (-0.405596,0.17356) (0,0); (-0.414254,0.161692) (0,0)
(-0.418821,0.155451) (0,0); (-0.427297,0.143892) (0,0); (-0.438185,0.129126) (0,0); (-0.446401,0.118049) (0,0)
(-0.450736,0.112235) (0,0); (-0.458786,0.101488) (0,0); (-0.469134,0.0877959) (0,0); (-0.476946,0.0775551) (0,0)
(-0.481069,0.07219) (0,0); (-0.488727,0.0622931) (0,0); (-0.498569,0.0497231) (0,0); (-0.505998,0.0403516) (0,0)
(-0.509918,0.0354524) (0,0); (-0.517196,0.0264354) (0,0); (-0.526545,0.015023) (0,0); (-0.533596,0.0065459) (0,0)
(-0.537312,0.00212572) (0,0); (-0.54421,-0.00598807) (0,0); (-0.553056,-0.016213) (0,0); (-0.559719,-0.0237728) (0,0)
(-0.563228,-0.0276987) (0,0); (-0.56973,-0.0348868) (0,0); (-0.578061,-0.0438733) (0,0); (-0.584329,-0.0504604) (0,0)
(-0.587644,-0.0538259) (0,0); (-0.593752,-0.0600649) (0,0); (-0.601531,-0.0678947) (0,0); (-0.607348,-0.0736581) (0,0)
(-0.610398,-0.0766347) (0,0); (-0.616023,-0.0820558) (0,0); (-0.623165,-0.0887926) (0,0); (-0.628487,-0.0936982) (0,0)
(-0.631266,-0.0962204) (0,0); (-0.636377,-0.100781) (0,0); (-0.642826,-0.106393) (0,0); (-0.647603,-0.110436) (0,0)
(-0.650085,-0.112498) (0,0); (-0.654627,-0.116195) (0,0); (-0.660313,-0.120682) (0,0); (-0.664487,-0.123862) (0,0)
(-0.666642,-0.125465) (0,0); (-0.670559,-0.128302) (0,0); (-0.675406,-0.131667) (0,0); (-0.67892,-0.133988) (0,0)
(-0.680716,-0.135133) (0,0); (-0.683949,-0.137112) (0,0); (-0.687882,-0.139357) (0,0); (-0.690677,-0.140821) (0,0)
(-0.692085,-0.14151) (0,0); (-0.694578,-0.142631) (0,0); (-0.697524,-0.143758) (0,0); (-0.699547,-0.144364) (0,0)
(-0.700538,-0.144596) (0,0); (-0.702239,-0.144858) (0,0); (-0.704132,-0.144863) (0,0); (-0.705334,-0.144608) (0,0)
(-0.705883,-0.144379) (0,0); (-0.706745,-0.143778) (0,0); (-0.707528,-0.142653) (0,0); (-0.707868,-0.141529) (0,0)
(-0.707954,-0.140837) (0,0); (-0.707939,-0.139365) (0,0); (-0.707568,-0.137099) (0,0); (-0.707014,-0.135098) (0,0)
(-0.706621,-0.133937) (0,0); (-0.705703,-0.131583) (0,0); (-0.704146,-0.128163) (0,0); (-0.702677,-0.125275) (0,0)
(-0.701796,-0.123641) (0,0); (-0.699958,-0.120396) (0,0); (-0.697199,-0.11581) (0,0); (-0.694808,-0.112025) (0,0)
(-0.693435,-0.109912) (0,0); (-0.690676,-0.105768) (0,0); (-0.686716,-0.100007) (0,0); (-0.683407,-0.0953199) (0,0)
(-0.681547,-0.0927262) (0,0); (-0.677875,-0.0876787) (0,0); (-0.672732,-0.0807404) (0,0); (-0.668522,-0.0751523) (0,0)
(-0.666185,-0.0720794) (0,0); (-0.661622,-0.0661335) (0,0); (-0.655329,-0.0580294) (0,0); (-0.650246,-0.0515526) (0,0)
(-0.647446,-0.0480121) (0,0); (-0.642023,-0.0411858) (0,0); (-0.634615,-0.0319676) (0,0); (-0.628681,-0.0246632) (0,0)
(-0.625419,-0.0207342) (0,0); (-0.619176,-0.0130834) (0,0); (-0.610733,-0.00271114) (0,0); (-0.604034,0.00553759) (0,0)
(-0.600382,0.0100255) (0,0); (-0.593378,0.0186373) (0,0); (-0.583949,0.0302207) (0,0); (-0.576499,0.0393652) (0,0)
(-0.572453,0.0443287) (0,0); (-0.564714,0.0538166) (0,0); (-0.554341,0.0665226) (0,0); (-0.54618,0.0765117) (0,0)
(-0.541758,0.0819199) (0,0); (-0.533322,0.0922321) (0,0); (-0.522053,0.105993) (0,0); (-0.513214,0.116774) (0,0)
(-0.508434,0.122599) (0,0); (-0.499332,0.133681) (0,0); (-0.4872,0.148423) (0,0); (-0.477707,0.159938) (0,0)
(-0.472578,0.166147) (0,0); (-0.462826,0.177938) (0,0); (-0.449847,0.193578) (0,0); (-0.439704,0.205761) (0,0)
(-0.434228,0.212317) (0,0); (-0.423824,0.224747) (0,0); (-0.409986,0.241189) (0,0); (-0.39918,0.253963) (0,0)
(-0.393347,0.260826) (0,0); (-0.382267,0.273812) (0,0); (-0.367533,0.290946) (0,0); (-0.356026,0.304222) (0,0)
